Especie,estrada_(mata_+_comunidade)___Vasante,FOAD_Vasante,B._sonhos_vasante,Sia_mariana__corixo_Leme__vasante,Corixo_Leme_vasante,Rio_III_vasante,RioII_vasante,Rio_I_vasante,Mane_Isaque_vasante,Sia_Mariana__Mutum_vasante,Rio_Mutum_vasante,Corixo_do_Mato_vasante,Chacorore__vasante,Total_1ยบ_coleta/_Vazante,estrada_(mata_+_comunidade)_seca,FOAD_seca,B._sonhos_seca,Sia_Mariana__corixo_do_leme_seca,Corixo_Leme_seca,Rio_III_seca,_Rio_II_seca,Rio_I_seca,Mane_Isaque_seca,Sia_Mariana__Mutum_seca,Rio_Mutum_seca,Corixo_do_Mato_seca,Chacorore_seca,Total_2ยบ_coleta/_Seca,estrada_(mata_+_comunidade)_enchente,FOAD_enchente,B._sonhos_enchente,Sia_Mariana___Corixo_do_Leme_enchente,Corixo_Leme_enchente,Rio_III_enchente,Rio_II_enchente,Rio_I_enchente,Mane_Isaque_enchente,Sia_Mariana__Mutum_enchente,Rio_Mutum_enchente,Corixo_do_Mato_enchente,Chacorore_enchente,Total_3ยบ_coleta/_enchente,estrada_(mata_+_comunidade)_cheia,FOAD_cheia,B._sonhos_cheia,Sia_Mariana___Corixo_do_leme_cheia,Corixo_Leme_cheia,Rio_III_cheia,Rio_II_cheia,Rio_I_cheia,Mane_Isaque_cheia,Sia_Mariana__Mutum_cheia,Rio_Mutum_cheia,Corixo_do_Mato_cheia,Chacorore_cheia,Total_4ยบ_coleta/_Cheia,Total
Crypturellus_undulatus_(Temminck_1815),0,0,0,0,0,0,0,0,0,0,0,0,0,0,0,0,2,0,0,0,0,0,0,0,0,0,0,2,0,0,0,0,0,0,0,0,0,0,0,2,0,2,0,0,0,0,0,0,0,0,0,0,0,0,0,0,4
Anhima_cornuta_(Linnaeus_1766),0,0,0,0,0,0,0,0,0,0,0,0,0,0,0,0,0,0,0,0,0,2,0,0,2,0,7,11,0,0,0,0,0,0,1,0,0,0,0,0,0,1,0,0,0,0,0,0,0,0,0,0,0,0,0,0,12
Chauna_torquata_(Oken_1816),0,0,0,0,0,0,0,0,0,0,0,0,0,0,0,0,2,0,0,0,0,0,2,0,0,0,0,4,0,0,3,0,0,0,0,2,0,0,0,3,2,10,0,0,2,0,1,0,0,0,0,0,0,0,0,3,17
Dendrocygna_bicolor_(Vieillot_1816),0,0,2,0,0,0,0,0,0,0,0,0,0,2,0,0,0,0,0,0,0,0,0,0,0,0,0,0,0,0,0,0,0,0,0,0,0,0,0,0,0,0,0,0,0,0,0,0,0,0,0,0,0,0,0,0,2
Dendrocygna_viduata_(Linnaeus_1766),0,0,36,25,0,0,0,0,0,0,0,3,3,67,0,0,0,0,0,0,0,0,0,12,5,0,140,157,0,0,8,0,0,0,0,0,0,0,2,0,0,10,0,0,7,0,0,0,0,0,0,13,0,0,3,23,257
Dendrocygna_autumnalis_(Linnaeus_1758),0,0,61,0,0,0,0,0,0,0,0,0,0,61,0,0,0,0,0,0,37,0,0,1,0,0,16,54,0,16,44,348,0,9,0,0,0,0,4,0,62,483,0,6,52,0,0,0,2,0,0,5,2,0,12,79,677
Cairina_moschata_(Linnaeus_1758),0,0,0,0,0,0,0,0,0,0,5,0,0,5,0,0,0,0,0,0,0,0,0,0,4,0,0,4,0,0,0,0,0,0,0,0,0,0,0,0,0,0,0,0,0,0,0,0,0,0,0,0,2,0,0,2,11
Amazonetta_brasiliensis_(Gmelin_1789),0,0,0,0,0,0,0,0,0,0,0,0,3,3,0,2,0,0,0,0,0,0,0,23,0,0,0,25,0,3,3,0,0,0,0,0,0,0,0,0,0,6,0,0,0,0,0,0,0,0,0,3,0,0,0,3,37
Anas_bahamensis_Linnaeus_1758,0,0,0,0,0,0,0,0,0,0,0,0,0,0,0,0,0,0,0,0,0,0,0,2,0,0,0,2,0,0,0,0,0,0,0,0,0,0,0,0,0,0,0,0,0,0,0,0,0,0,0,0,0,0,0,0,2
Penelope_ochrogaster_Pelzeln_1870,0,0,0,0,0,0,0,0,0,0,0,0,0,0,0,0,0,0,0,0,0,0,0,0,2,0,0,2,0,0,0,0,1,0,0,0,0,0,5,0,0,6,0,0,0,0,0,0,0,0,0,0,0,0,0,0,8
Aburria_cumanensis_(Jacquin_1784),0,0,0,0,0,0,0,0,0,0,0,0,0,0,0,0,4,0,0,0,0,0,0,0,0,0,0,4,0,0,0,0,1,0,1,0,0,0,0,0,0,2,0,0,0,0,0,0,0,0,0,0,0,0,0,0,6
Aburria_cujubi_(Pelzeln_1858),0,0,0,0,0,0,0,0,0,0,0,0,0,0,0,0,0,0,11,1,0,0,0,0,2,0,0,14,0,0,0,0,5,2,0,0,0,0,0,0,0,7,0,0,0,0,0,0,0,0,0,1,0,0,0,1,22
Ortalis_canicollis_(Wagler_1830),3,0,12,0,0,3,12,8,0,0,2,0,0,40,0,5,10,4,0,15,10,1,2,0,3,0,5,55,0,8,11,0,4,1,1,2,2,0,0,0,8,37,0,6,7,0,0,5,1,0,0,0,1,0,0,20,152
Crax_fasciolata_Spix_1825,2,0,0,0,0,0,0,0,0,0,0,0,0,2,4,2,4,3,0,0,0,0,0,0,0,0,0,13,0,2,0,0,0,0,2,0,0,0,2,0,0,6,0,0,0,0,0,0,0,0,0,0,2,0,0,2,23
Patagioenas_speciosa_(Gmelin_1789),0,0,0,0,0,0,0,0,0,0,0,0,0,0,0,0,0,0,0,0,0,0,0,0,0,0,1,1,0,0,0,0,0,0,0,0,0,0,1,0,0,1,0,0,0,0,0,0,0,0,0,0,2,0,0,2,4
Patagioenas_picazuro_(Temminck_1813),0,0,19,0,0,0,8,5,1,3,27,4,9,76,0,0,0,5,2,1,0,0,0,36,19,0,0,63,0,0,4,0,0,2,11,1,0,2,6,1,0,27,0,2,0,0,0,0,0,0,1,1,2,0,0,6,172
Patagioenas_cayennensis_(Bonnaterre_1792),0,0,0,0,0,0,0,0,0,0,0,0,0,0,0,0,0,0,0,1,0,0,0,0,1,0,0,2,0,0,0,0,0,0,1,0,0,0,1,1,0,3,0,0,0,0,0,0,0,0,0,0,2,0,0,2,7
Geotrygon_montana_(Linnaeus_1758),0,0,0,0,0,0,0,0,0,0,0,0,0,0,0,0,0,0,0,0,0,0,0,0,0,0,0,0,0,1,0,0,0,0,0,0,0,0,0,0,0,1,0,0,0,0,0,0,0,0,0,0,0,0,0,0,1
Leptotila_verreauxi_Bonaparte_1855,0,1,0,0,0,0,1,0,0,0,2,0,5,9,1,6,8,0,0,4,0,6,1,0,0,0,2,28,0,4,0,0,0,0,1,0,1,0,9,0,1,16,0,5,0,0,0,0,0,0,0,0,3,0,0,8,61
Leptotila_rufaxilla_(Richard_&_Bernard_1792),0,0,0,0,0,0,0,0,0,0,0,0,0,0,0,0,0,0,0,1,0,0,1,0,0,0,0,2,0,2,0,0,0,2,0,0,0,0,1,0,0,5,0,0,0,0,0,0,0,0,0,0,0,0,0,0,7
Zenaida_auriculata_(Des_Murs_1847),0,0,0,0,0,0,0,1,0,0,1,0,0,2,0,0,0,0,0,0,0,0,0,0,8,0,0,8,0,0,0,0,0,0,0,0,0,0,0,0,0,0,0,0,0,0,1,0,0,0,0,0,3,0,0,4,14
Claravis_pretiosa_(Ferrari_Perez_1886),0,0,0,0,0,0,0,0,0,0,0,0,0,0,0,0,0,0,0,0,0,0,0,0,0,0,0,0,0,1,0,0,0,0,0,0,0,0,0,2,0,3,0,0,0,0,0,0,0,0,0,0,0,0,0,0,3
Uropelia_campestris_(Spix_1825),0,0,0,0,0,0,0,0,1,0,0,0,0,1,0,0,0,0,0,0,0,0,0,0,0,0,0,0,0,0,0,0,0,0,0,0,0,0,0,0,0,0,0,0,0,0,0,0,0,0,0,0,0,0,0,0,1
Columbina_minuta_(Linnaeus_1766),0,0,0,0,0,0,0,0,0,0,0,0,0,0,0,0,0,0,0,0,0,0,0,0,0,0,0,0,0,0,0,0,0,0,0,0,0,0,0,0,2,2,0,0,0,0,0,0,0,0,0,0,0,0,0,0,2
Columbina_talpacoti_(Temminck_1811),0,2,0,0,0,0,3,12,8,0,0,0,44,69,7,1,10,0,0,1,20,26,3,0,0,0,15,83,7,6,0,0,0,6,1,0,1,1,33,0,16,71,5,1,2,0,1,5,0,0,2,0,3,0,0,19,242
Columbina_squammata_(Lesson_1831),0,3,0,0,0,2,0,0,1,0,0,0,0,6,0,0,0,0,0,0,2,0,1,0,0,0,0,3,0,1,2,0,0,5,1,2,0,0,0,0,10,21,2,0,3,0,0,0,0,0,0,0,1,0,0,6,36
Columbina_picui_(Temminck_1813),0,0,0,0,0,0,0,0,0,0,0,0,0,0,2,0,0,0,0,0,0,1,0,0,0,0,5,8,1,0,0,0,0,0,0,0,0,0,0,0,3,4,0,2,0,0,0,0,0,0,0,0,0,0,0,2,14
Guira_guira_(Gmelin_1788),0,0,0,0,0,0,0,0,0,0,0,0,0,0,0,0,0,0,0,0,5,1,1,0,0,0,1,8,2,0,0,0,0,0,0,2,0,0,0,0,0,4,0,0,0,0,0,0,1,0,1,0,0,0,0,2,14
Crotophaga_major_Gmelin_1788,0,0,0,0,0,0,0,0,0,0,3,0,0,3,0,0,9,0,0,0,0,1,0,0,9,0,6,25,0,0,0,0,4,2,0,20,7,0,0,1,0,34,0,0,0,0,2,1,5,1,11,0,5,0,2,27,89
Crotophaga_ani_Linnaeus_1758,1,0,0,0,0,5,2,4,7,0,5,15,6,45,4,1,0,5,0,6,9,4,23,0,1,0,14,67,0,0,0,0,0,1,5,0,2,0,4,2,29,43,0,0,2,0,2,1,2,0,7,0,0,0,2,16,171
Dromococcyx_phasianellus_(Spix_1824),0,0,0,0,0,0,0,0,1,0,1,0,0,2,0,1,0,0,0,0,0,0,0,0,0,0,0,1,0,0,0,0,0,0,0,0,0,0,0,0,0,0,0,0,0,0,0,0,0,0,0,0,0,0,0,0,3
Piaya_cayana_(Linnaeus_1766),0,0,0,0,0,0,0,0,0,0,0,0,0,0,0,0,0,0,0,0,0,0,0,0,0,0,0,0,0,0,0,0,0,0,0,0,0,0,1,1,0,2,0,0,0,0,0,0,0,0,0,0,0,0,0,0,2
Nyctidromus_albicollis_(Gmelin_1789),0,60,0,0,0,0,0,0,0,0,0,0,0,60,0,52,0,0,0,0,0,0,0,0,0,39,0,91,0,0,0,0,0,0,0,0,0,0,0,0,0,0,0,0,0,0,0,0,0,0,0,0,0,0,0,0,151
Nannochordeiles_pusillus_(Gould_1861),0,0,14,0,0,0,0,0,0,0,0,0,0,14,0,0,0,0,0,0,0,0,0,0,0,0,0,0,0,0,0,0,0,0,0,0,0,0,0,0,0,0,0,0,0,0,0,0,0,0,0,0,0,0,0,0,14
Podager_nacunda_(Vieillot_1817),0,0,7,0,0,0,0,0,0,0,0,0,0,7,0,0,0,0,0,0,0,0,0,0,0,0,0,0,0,0,0,0,0,0,0,0,0,0,0,0,0,0,0,0,1,0,0,0,0,0,0,0,0,0,0,1,8
Phaethornis_pretrei_(Lesson_&_Delattre_1839),0,0,0,0,0,0,0,0,0,0,0,0,0,0,0,0,0,0,0,0,0,0,0,0,0,0,1,1,0,0,0,0,0,0,0,0,0,0,0,0,0,0,0,0,0,0,0,0,0,0,0,0,0,0,0,0,1
Colibri_serrirostris_(Vieillot_1816),0,0,0,0,0,0,0,0,0,0,0,0,0,0,0,0,0,0,0,0,0,0,0,0,0,0,0,0,0,0,0,0,0,0,0,0,0,0,1,0,0,1,0,0,0,0,0,0,0,0,0,0,0,0,0,0,1
Eupetomena_macroura_(Gmelin_1788),0,0,0,0,0,0,0,0,0,0,0,0,0,0,0,0,0,0,0,0,1,0,0,0,0,0,0,1,0,1,0,0,0,0,0,0,0,0,0,0,0,1,0,0,0,0,0,0,0,0,0,0,0,0,0,0,2
Chionomesa_fimbriata_(Gmelin_1788),0,1,0,0,0,0,0,0,1,0,0,0,0,2,0,1,0,0,2,0,2,0,0,0,0,0,0,5,0,2,0,0,0,0,0,0,0,0,0,0,0,2,0,0,0,0,0,0,0,0,0,0,0,0,0,0,9
Aramus_guarauna_(Linnaeus_1766),0,1,0,0,0,0,0,0,0,0,0,0,0,1,0,0,0,0,0,0,0,0,0,0,0,0,1,1,0,0,0,0,0,0,0,0,0,0,0,0,0,0,0,0,0,0,0,0,0,0,0,0,0,0,0,0,2
Porphyrio_martinica_(Linnaeus_1766),0,0,0,0,0,0,0,0,0,0,0,0,0,0,0,0,0,0,0,0,0,0,0,0,0,0,0,0,0,0,0,0,0,0,0,0,0,0,1,0,0,1,0,0,0,0,0,0,0,0,0,0,2,0,0,2,3
Mustelirallus_albicollis_(Vieillot_1819),0,0,0,0,0,0,0,0,1,0,0,0,0,1,0,0,0,0,0,0,0,0,0,0,0,0,0,0,0,0,0,0,0,0,0,0,0,0,0,0,0,0,0,0,0,0,0,0,0,0,0,0,0,0,0,0,1
Aramides_cajaneus_(Statius_Muller_1776),0,1,0,0,0,0,1,0,0,0,3,0,0,5,0,10,0,0,0,0,0,0,0,0,0,0,3,13,0,0,0,0,0,0,0,0,0,0,3,0,2,5,0,0,0,0,0,0,0,0,0,0,0,0,0,0,23
Aramides_saracura_(Spix_1825),0,0,0,0,0,0,0,0,0,0,0,2,0,2,0,0,0,0,0,0,0,0,0,0,0,0,0,0,0,0,0,0,0,0,0,0,0,0,0,0,0,0,0,0,0,0,0,0,0,0,0,0,0,0,0,0,2
Gallinula_galeata_(Lichtenstein_1818),0,0,0,0,0,0,0,0,0,0,0,0,0,0,0,0,0,0,0,0,0,0,0,0,0,0,0,0,0,0,0,0,0,0,0,0,0,0,0,0,0,0,0,0,0,0,0,0,0,1,0,0,2,0,0,3,3
Vanellus_cayanus_(Latham_1790),0,1,37,0,0,0,0,4,0,2,0,5,0,49,0,0,3,0,0,0,0,0,0,0,0,0,0,3,0,0,3,0,0,0,0,1,0,0,2,0,0,6,0,0,0,0,0,0,0,0,0,0,0,0,0,0,58
Vanellus_chilensis_(Molina_1782),1,1,49,0,0,0,2,0,0,0,4,3,6,66,0,2,13,0,0,0,12,5,4,11,0,0,12,59,2,3,25,0,0,0,0,6,4,2,2,0,10,54,2,0,23,0,0,0,0,4,0,3,3,0,0,35,214
Charadrius_collaris_Vieillot_1818,0,2,83,0,0,0,0,5,0,0,3,13,0,106,0,3,5,0,0,0,0,5,0,0,0,0,0,13,0,0,5,0,0,0,0,1,0,0,0,0,0,6,0,0,0,0,0,0,0,0,0,0,0,0,0,0,125
Himantopus_mexicanus_(Statius_Muller_1776),0,0,3,0,0,0,0,0,0,0,0,3,1,7,0,0,0,0,0,0,0,0,0,5,0,0,0,5,0,0,0,0,0,0,0,0,0,0,0,0,0,0,0,0,0,0,0,0,0,0,0,0,0,0,0,0,12
Himantopus_melanurus_Vieillot_1817,0,1,19,0,0,0,0,0,0,8,0,13,1,42,0,0,0,0,0,0,0,0,0,41,0,0,5,46,0,0,27,0,0,0,0,0,0,0,0,0,0,27,0,0,10,0,0,0,0,0,0,0,0,0,0,10,125
Tringa_solitaria_Wilson_1813,0,0,0,0,0,0,0,0,0,0,0,0,0,0,0,0,0,0,0,0,0,0,0,0,0,0,0,0,0,0,1,0,0,0,0,2,0,0,0,0,0,3,0,0,1,0,0,0,0,0,0,0,0,0,0,1,4
Tringa_melanoleuca_(Gmelin_1789),0,0,0,0,0,0,0,0,0,0,0,0,0,0,0,0,0,0,0,0,0,0,0,0,0,0,0,0,0,0,1,0,0,0,0,0,0,0,0,0,0,1,0,0,2,0,0,0,0,0,0,0,0,0,0,2,3
Tringa_flavipes_(Gmelin_1789),0,0,68,0,0,0,0,0,0,0,0,0,0,68,0,0,0,0,0,0,0,0,0,0,0,0,0,0,0,0,5,0,0,0,0,0,0,0,0,0,0,5,0,0,1,0,0,0,0,0,0,0,0,0,0,1,74
Jacana_jacana_(Linnaeus_1766),0,0,2,0,0,0,0,0,0,3,1,0,10,16,0,1,0,0,0,0,0,2,0,11,7,0,10,31,0,0,18,0,0,2,0,2,0,3,15,0,5,45,0,0,4,0,0,0,0,0,0,0,11,0,0,15,107
Rynchops_niger_Linnaeus_1758,0,0,294,5,0,0,0,62,0,63,1,16,0,441,0,0,0,0,0,0,0,10,0,1,0,0,0,11,0,0,2,0,0,0,0,0,0,0,0,0,0,2,0,0,0,0,0,0,0,0,0,0,0,0,0,0,454
Sternula_superciliaris_(Vieillot_1819),0,0,75,0,0,2,0,2,3,39,0,0,0,121,0,1,0,0,0,0,1,1,0,0,5,0,0,8,0,1,3,0,1,0,0,0,0,0,1,0,0,6,0,1,1,4,0,0,0,0,0,2,14,0,0,22,157
Phaetusa_simplex_(Gmelin_1789),0,0,267,1,0,0,3,24,10,75,2,72,1,455,0,6,0,0,0,0,0,5,0,16,3,0,0,30,0,0,68,5,0,0,0,7,0,0,0,0,0,80,0,0,0,0,0,0,0,1,0,0,0,0,0,1,566
Eurypyga_helias_(Pallas_1781),0,0,0,0,0,0,0,0,0,0,0,0,0,0,0,0,0,0,0,0,0,1,0,0,2,0,0,3,0,0,0,0,0,0,0,0,0,0,0,0,0,0,0,0,0,0,0,0,0,0,0,0,0,0,0,0,3
Ciconia_maguari_(Gmelin_1789),0,0,0,0,0,0,0,0,0,0,0,0,3,3,0,0,0,0,0,0,0,0,0,0,0,0,7,7,0,0,0,0,0,0,0,0,0,0,0,0,0,0,0,0,0,0,0,0,0,0,0,0,0,0,0,0,10
Jabiru_mycteria_(Lichtenstein_1819),0,2,0,1,0,0,1,0,0,0,1,0,0,5,0,0,3,0,0,0,0,0,2,0,0,0,5,10,0,0,2,0,0,0,0,0,0,2,0,0,1,5,0,0,0,0,0,0,0,0,0,0,0,0,0,0,20
Mycteria_americana_Linnaeus_1758,0,0,0,0,0,0,3,4,2,0,0,18,0,27,96,1,0,2,2,7,0,0,0,0,0,0,0,108,1,0,1,0,0,0,1,0,0,0,2,0,0,5,0,0,0,0,0,0,0,0,0,0,0,0,0,0,140
Anhinga_anhinga_(Linnaeus_1766),0,0,0,7,2,2,4,3,19,0,3,31,1,72,0,2,0,0,1,6,2,8,4,0,0,0,1,24,0,0,0,0,2,2,5,3,3,4,4,2,0,25,0,0,0,0,0,3,1,1,2,0,2,0,0,9,130
Nannopterum_brasilianum_(Gmelin_1789),0,1,14,7,20,2,6,7,6,211,16,103,1,394,0,2,0,0,0,0,21,3,5,4,9,0,2,46,0,0,2,2,0,0,3,1,0,13,3,15,0,39,0,0,13,0,0,2,5,1,7,1,13,6,0,48,527
Tigrisoma_lineatum_(Boddaert_1783),0,0,0,0,1,0,0,0,1,0,6,15,1,24,0,0,0,0,0,0,2,1,0,0,5,0,1,9,0,0,0,0,0,0,1,0,1,1,3,2,0,8,0,0,0,0,0,0,0,0,0,1,6,0,0,7,48
Cochlearius_cochlearius_(Linnaeus_1766),0,0,0,0,0,0,0,5,0,0,0,0,0,5,0,0,0,0,0,0,0,0,0,0,0,0,0,0,0,0,0,0,0,0,6,0,0,0,0,0,0,6,0,0,0,0,0,0,0,0,0,0,0,0,0,0,11
Botaurus_pinnatus_(Wagler_1829),0,0,0,0,0,0,0,0,0,0,0,0,0,0,0,0,0,0,0,0,0,0,0,0,0,0,0,0,0,0,0,0,0,0,1,0,0,0,0,0,0,1,0,0,0,0,0,0,0,0,0,0,0,0,0,0,1
Nycticorax_nycticorax_(Linnaeus_1758),0,0,0,0,0,0,22,0,1,0,0,17,0,40,0,0,0,2,0,0,0,6,0,0,0,0,0,8,0,0,0,0,0,0,0,0,0,0,0,0,0,0,0,0,0,0,0,0,0,0,0,0,0,0,0,0,48
Butorides_striata_(Linnaeus_1758),0,0,0,0,0,0,1,0,8,0,12,65,0,86,0,0,0,1,2,1,3,7,6,0,7,0,0,27,0,0,0,0,0,0,2,1,3,0,6,3,0,15,0,0,0,1,1,1,1,0,3,0,10,0,0,17,145
Bubulcus_ibis_(Linnaeus_1758),0,0,0,0,0,0,0,0,2,0,0,0,3,5,0,0,0,0,0,0,0,1,0,2,0,0,4,7,0,0,0,0,0,0,0,0,0,0,1,0,0,1,0,0,0,0,0,0,0,0,0,0,0,0,0,0,13
Ardea_cocoi_Linnaeus_1766,0,1,0,5,6,2,11,1,6,4,9,35,2,82,0,3,2,3,0,9,12,8,3,7,4,0,0,51,0,1,3,5,2,2,7,3,0,18,15,2,2,60,0,0,1,2,1,0,0,2,0,4,5,0,8,23,216
Ardea_alba_Linnaeus_1758,0,1,1,7,0,1,12,8,4,6,3,40,1,84,0,0,0,1,0,0,12,1,0,1,0,0,1,16,0,0,4,3,0,2,2,2,0,5,1,1,1,21,0,0,53,0,0,3,1,2,3,1,7,0,0,70,191
Syrigma_sibilatrix_(Temminck_1824),0,0,3,0,0,0,0,1,0,0,0,0,0,4,0,0,0,0,0,0,0,0,0,0,0,0,0,0,0,0,0,0,0,0,0,0,0,0,0,0,0,0,0,0,1,0,0,0,0,0,0,0,0,0,0,1,5
Pilherodius_pileatus_(Boddaert_1783),0,0,0,0,0,0,1,0,0,0,0,0,0,1,0,0,0,0,0,0,0,0,0,0,0,0,0,0,0,0,0,0,0,0,0,0,0,0,1,0,0,1,0,0,0,0,0,0,0,0,0,0,0,0,0,0,2
Egretta_thula_(Molina_1782),0,0,1,3,2,3,2,0,2,4,11,37,0,65,0,0,0,0,0,0,0,7,0,1,0,0,0,8,0,0,0,0,0,0,0,0,0,5,1,0,0,6,0,0,3,0,0,0,0,2,1,15,0,0,0,21,100
Egretta_caerulea_(Linnaeus_1758),0,1,1,0,0,0,0,0,4,1,2,0,0,9,0,0,0,0,0,0,0,0,0,1,0,0,0,1,0,0,0,0,0,0,0,0,0,0,1,0,0,1,0,0,0,0,0,0,0,0,0,0,0,0,0,0,11
Plegadis_chihi_(Vieillot_1817),0,0,0,0,0,0,0,0,0,0,0,0,0,0,0,0,0,0,0,0,0,0,0,0,0,0,0,0,0,0,1,0,0,0,0,0,0,0,0,0,0,1,0,0,0,0,0,0,0,0,0,0,0,0,0,0,1
Mesembrinibis_cayennensis_(Gmelin_1789),0,0,6,0,0,0,0,0,0,0,0,0,1,7,0,0,0,0,0,0,76,1,0,0,0,0,15,92,0,0,3,0,0,0,0,3,1,1,1,0,0,9,0,0,0,0,0,0,0,0,0,0,3,0,0,3,111
Phimosus_infuscatus_(Lichtenstein_1823),0,0,80,0,0,0,1,0,0,3,0,12,2,98,0,0,0,0,0,0,15,0,0,12,0,0,16,43,0,0,1,0,0,0,3,0,0,0,0,0,0,4,0,0,0,0,0,0,0,0,0,0,1,0,0,1,146
Theristicus_caerulescens_(Vieillot_1817),0,0,0,0,0,0,0,0,0,0,0,0,0,0,0,0,0,0,0,0,0,0,0,0,0,0,2,2,0,0,0,0,0,0,0,0,0,0,0,0,0,0,0,0,0,0,0,0,0,1,0,0,0,0,0,1,3
Theristicus_caudatus_(Boddaert_1783),0,3,14,0,0,0,7,1,0,2,0,0,2,29,1,2,2,0,0,0,6,0,0,4,0,0,2,17,2,0,0,0,0,0,0,0,0,0,2,0,2,6,0,0,12,0,0,0,4,0,0,0,0,0,0,16,68
Platalea_ajaja_Linnaeus_1758,0,0,7,0,0,0,1,0,2,0,2,32,0,44,0,0,0,0,0,0,34,0,0,0,0,0,0,34,0,0,44,0,0,0,0,0,0,0,0,0,1,45,0,0,0,0,0,0,0,0,0,0,0,0,0,0,123
Coragyps_atratus_(Bechstein_1793),0,2,1,3,0,2,42,44,10,3,16,0,103,226,0,2,41,0,3,9,51,97,4,0,0,0,6,213,1,0,4,0,5,14,2,4,3,0,31,0,2,66,0,0,0,4,2,93,6,14,5,0,3,0,12,139,644
Cathartes_aura_(Linnaeus_1758),0,0,0,0,0,0,0,0,1,0,7,0,0,8,0,1,0,0,0,0,1,0,0,0,1,0,5,8,0,0,0,0,0,0,0,1,0,1,0,0,0,2,0,0,0,0,0,4,0,0,0,0,1,0,0,5,23
Cathartes_burrovianus_Cassin_1845,0,2,0,0,0,0,2,0,2,0,0,0,0,6,0,0,0,0,0,0,2,1,0,0,0,0,1,4,0,0,0,0,0,0,0,0,2,1,10,0,1,14,0,0,0,0,1,2,0,0,0,0,0,0,0,3,27
Pandion_haliaetus_(Linnaeus_1758),0,0,0,0,0,0,0,1,0,0,0,0,0,1,0,0,0,0,0,0,0,3,0,0,1,0,0,4,0,0,0,1,0,0,0,0,0,1,0,0,0,2,0,0,0,0,0,0,0,0,0,0,0,0,0,0,7
Busarellus_nigricollis_(Latham_1790),0,0,0,0,0,0,0,0,0,0,2,1,1,4,0,0,0,0,0,0,1,0,1,0,2,0,0,4,1,0,0,0,0,0,0,1,0,0,3,0,1,6,0,0,0,1,0,0,1,0,0,0,4,0,0,6,20
Rostrhamus_sociabilis_(Vieillot_1817),0,1,0,0,0,0,2,0,3,0,0,2,1,9,0,0,0,0,0,0,0,0,0,0,0,0,0,0,0,0,0,0,0,1,0,0,2,0,0,0,0,3,0,0,0,0,0,0,0,0,0,0,0,0,0,0,12
Harpagus_diodon_(Temminck_1823),0,0,0,0,0,0,0,2,0,0,0,0,0,2,0,0,0,0,0,0,0,0,0,0,0,0,0,0,0,0,0,0,0,0,0,0,0,0,0,0,0,0,0,0,0,0,0,0,0,0,0,0,0,0,0,0,2
Circus_buffoni_(Gmelin_1788),0,1,0,0,0,0,0,0,0,0,0,0,0,1,0,0,0,0,0,0,0,0,0,0,0,0,0,0,0,0,0,0,0,0,0,0,1,0,0,0,0,1,0,0,0,0,0,0,0,0,0,0,0,0,0,0,2
Geranospiza_caerulescens_(Vieillot_1817),0,0,0,0,0,0,0,0,0,0,0,0,0,0,0,0,0,0,0,0,0,0,0,1,0,0,0,1,0,0,0,0,0,0,0,0,0,0,0,0,0,0,0,0,0,0,0,0,0,0,0,0,0,0,0,0,1
Heterospizias_meridionalis_(Latham_1790),0,0,0,0,0,0,0,0,0,0,0,0,0,0,0,0,0,0,0,0,0,1,0,0,0,0,0,1,0,0,0,0,0,0,0,0,0,0,0,0,0,0,0,0,0,0,0,0,0,0,0,0,0,0,0,0,1
Urubitinga_urubitinga_(Gmelin_1788),0,0,0,0,0,0,1,0,0,0,0,0,0,1,0,0,0,0,0,2,0,0,0,0,0,0,0,2,0,0,0,0,0,1,0,0,1,0,0,0,0,2,0,0,0,0,0,0,0,0,0,0,0,0,0,0,5
Rupornis_magnirostris_(Gmelin_1788),0,0,0,0,1,0,0,1,0,0,0,0,0,2,1,0,0,0,0,0,0,0,0,0,0,0,0,1,0,0,0,0,2,1,1,1,2,0,0,0,1,8,0,0,0,0,0,0,1,0,0,0,0,0,0,1,12
Parabuteo_unicinctus_(Temminck_1824),0,0,0,0,0,0,0,1,0,0,0,0,0,1,0,0,0,0,0,0,0,0,0,0,0,0,0,0,0,0,0,0,0,0,1,0,0,0,0,0,1,2,0,0,0,0,0,0,0,0,0,0,0,0,0,0,3
Athene_cunicularia_(Molina_1782),2,0,2,0,0,0,0,0,0,0,0,0,0,4,2,0,10,0,0,0,0,0,0,0,0,0,0,12,0,0,4,0,0,0,0,0,0,0,0,0,0,4,0,0,4,0,0,0,0,0,0,0,0,0,0,4,24
Megaceryle_torquata_(Linnaeus_1766),0,1,0,0,0,1,3,3,6,1,11,4,1,31,0,0,0,0,2,2,2,5,0,1,14,0,0,26,0,0,0,0,2,0,3,0,2,1,7,0,1,16,0,0,0,0,0,0,0,1,0,0,6,0,0,7,80
Chloroceryle_amazona_(Latham_1790),0,1,0,3,0,0,1,0,7,0,7,5,0,24,0,0,0,0,0,0,1,1,1,0,8,0,1,12,0,0,0,0,0,0,0,1,3,0,6,0,0,10,0,0,0,0,0,0,0,0,1,0,5,0,0,6,52
Chloroceryle_aenea_(Pallas_1764),0,0,0,0,0,0,0,0,0,0,0,0,0,0,0,0,0,0,0,0,0,0,0,0,0,0,0,0,0,0,0,0,0,0,0,0,0,0,1,0,0,1,0,0,0,0,0,0,0,0,0,0,0,0,0,0,1
Chloroceryle_americana_(Gmelin_1788),0,0,0,0,0,0,0,0,1,0,1,0,0,2,0,0,0,0,0,1,0,0,0,0,2,0,0,3,0,0,0,0,0,0,1,0,0,0,0,0,0,1,0,0,0,0,0,0,0,0,0,0,0,0,0,0,6
Galbula_ruficauda_Cuvier_1816,0,1,0,0,0,0,0,0,2,0,0,0,0,3,0,0,0,0,2,0,0,3,0,0,0,0,0,5,0,1,0,0,0,0,0,0,0,0,0,0,0,1,0,0,0,0,0,0,0,0,0,0,0,0,0,0,9
Monasa_nigrifrons_(Spix_1824),1,0,0,0,0,0,0,2,1,0,0,0,0,4,0,0,0,0,0,0,0,0,0,0,0,0,0,0,0,0,0,0,0,2,0,0,0,0,0,0,0,2,0,0,0,0,0,0,0,0,0,0,0,0,0,0,6
Ramphastos_toco_Statius_Muller_1776,0,0,0,0,0,0,2,1,0,0,0,0,0,3,0,0,0,0,0,0,0,0,0,0,0,0,0,0,0,0,0,0,0,0,0,2,0,0,1,0,0,3,0,0,0,0,0,0,0,2,0,0,0,0,0,2,8
Pteroglossus_castanotis_Gould_1834,0,0,0,0,0,3,0,0,0,0,0,0,0,3,0,0,0,0,0,0,0,0,0,0,0,0,0,0,0,0,0,0,0,0,0,0,0,0,0,0,5,5,0,0,0,0,0,0,0,0,0,0,0,0,0,0,8
Picumnus_pygmaeus_(Lichtenstein_1823),0,0,0,0,0,0,0,0,0,0,0,0,0,0,0,0,0,0,0,0,0,0,0,0,0,0,1,1,0,0,0,0,0,0,0,0,0,0,0,0,0,0,0,0,0,0,0,0,0,0,0,0,0,0,0,0,1
Melanerpes_candidus_(Otto_1796),0,0,0,0,0,0,0,0,0,0,0,0,0,0,0,0,0,0,0,0,0,0,0,0,0,0,0,0,0,0,0,0,0,0,0,0,0,0,0,0,0,0,0,0,0,0,0,1,0,0,0,0,0,0,0,1,1
Melanerpes_cruentatus_(Boddaert_1783),0,0,0,0,0,0,0,0,0,0,0,0,0,0,0,0,0,0,0,0,0,0,0,0,0,0,2,2,0,0,0,0,0,0,0,0,0,0,0,0,0,0,0,0,0,0,0,0,0,0,0,0,0,0,0,0,2
Veniliornis_passerinus_(Linnaeus_1766),0,0,0,0,0,0,0,0,0,0,0,0,0,0,0,1,0,0,0,0,0,0,0,0,0,0,0,1,0,1,0,0,0,0,0,0,0,0,0,0,1,2,0,0,0,0,0,0,0,0,0,0,0,0,0,0,3
Campephilus_melanoleucos_(Gmelin_1788),0,0,0,0,0,0,0,0,0,0,0,0,0,0,0,0,0,0,0,0,0,0,0,0,0,0,0,0,0,0,0,0,0,0,0,0,0,0,0,0,2,2,0,0,0,0,0,0,0,0,0,0,0,0,2,2,4
Dryocopus_lineatus_(Linnaeus_1766),0,0,0,0,0,0,0,0,0,0,0,0,2,2,0,0,0,0,0,0,0,0,0,0,0,0,0,0,0,0,0,0,0,0,0,0,0,0,0,0,0,0,0,0,0,0,0,0,0,0,0,0,0,0,0,0,2
Piculus_chrysochloros_(Vieillot_1818),0,0,0,0,0,0,0,0,0,0,0,0,0,0,0,0,0,0,0,0,2,0,0,0,0,0,0,2,0,0,0,0,0,0,0,0,2,0,0,0,0,2,0,0,0,0,0,0,0,0,0,0,0,0,0,0,4
Colaptes_campestris_(Vieillot_1818),0,0,0,0,0,0,0,0,2,0,0,0,0,2,0,0,0,0,0,0,0,0,0,0,0,0,0,0,0,0,0,0,0,0,0,0,0,0,0,0,2,2,0,0,0,0,0,0,0,2,0,0,0,0,0,2,6
Cariama_cristata_(Linnaeus_1766),2,0,0,0,0,0,0,0,0,0,0,0,0,2,0,0,0,0,0,0,0,0,0,0,0,0,2,2,0,0,0,0,0,0,0,0,0,0,0,0,2,2,0,0,0,0,0,0,0,0,0,0,0,0,0,0,6
Herpetotheres_cachinnans_(Linnaeus_1758),0,0,0,0,0,0,0,0,0,0,0,0,0,0,0,0,1,0,0,0,0,0,0,0,0,0,0,1,0,0,0,0,0,0,0,0,0,0,0,0,0,0,0,0,0,0,0,0,0,0,0,0,0,0,0,0,1
Caracara_plancus_(Miller_1777),1,1,0,1,0,0,2,1,0,0,0,0,0,6,0,1,0,1,0,0,0,0,0,0,1,0,2,5,0,0,4,0,0,0,1,4,0,0,0,0,14,23,0,0,0,0,0,0,0,0,0,0,0,0,0,0,34
Milvago_chimachima_(Vieillot_1816),0,0,0,0,0,0,0,0,0,0,4,0,0,4,0,0,0,0,0,0,0,0,0,0,0,0,0,0,0,0,0,0,0,0,0,0,0,0,0,0,0,0,0,0,0,0,0,0,0,0,0,0,0,0,0,0,4
Myiopsitta_monachus_(Boddaert_1783),0,0,0,0,0,0,5,0,0,0,0,0,0,5,0,0,3,0,0,0,11,4,0,0,0,0,0,18,0,0,0,0,0,1,13,0,7,0,0,0,0,21,0,0,0,0,0,0,5,1,0,0,3,0,0,9,53
Brotogeris_tirica_(Gmelin_1788),0,0,0,0,0,0,0,0,0,0,0,0,0,0,0,0,3,0,11,0,0,0,0,0,0,0,0,14,0,0,0,0,0,0,0,0,0,0,7,0,0,7,0,0,0,0,0,0,0,0,0,0,0,0,0,0,21
Brotogeris_chiriri_(Vieillot_1818),0,0,0,0,0,3,3,2,9,0,0,0,23,40,0,5,6,0,0,5,7,7,0,0,3,0,0,33,0,0,0,0,0,21,12,0,22,15,1,0,6,77,0,0,0,0,0,0,0,2,0,0,1,0,0,3,153
Pionus_maximiliani_(Kuhl_1820),0,0,0,0,0,0,0,0,0,0,0,0,0,0,0,0,2,0,0,0,1,0,0,3,0,0,0,6,0,0,0,0,0,0,0,0,0,0,0,2,0,2,0,0,0,0,0,0,0,0,0,0,0,0,0,0,8
Pionus_menstruus_(Linnaeus_1766),0,0,0,0,0,0,0,0,0,0,0,0,0,0,0,0,3,0,0,0,2,0,0,0,0,0,0,5,0,0,0,0,0,0,0,0,0,0,0,0,0,0,0,0,0,0,0,0,0,0,0,0,0,0,0,0,5
Alipiopsitta_xanthops_(Spix_1824),3,0,0,0,0,0,0,0,0,0,0,0,0,3,0,0,0,2,0,0,0,0,0,0,0,0,0,2,0,0,0,0,0,0,0,0,0,0,0,0,0,0,0,0,0,0,0,0,0,0,0,0,0,0,0,0,5
Amazona_ochrocephala_(Gmelin_1788),0,0,0,0,0,0,0,2,0,0,0,0,0,2,0,0,32,0,0,0,0,0,0,0,0,0,0,32,0,0,0,0,0,0,0,0,0,0,0,0,0,0,0,0,0,0,0,0,0,0,0,0,0,0,0,0,34
Amazona_aestiva_(Linnaeus_1758),2,8,0,0,2,0,0,6,0,0,0,0,0,18,0,0,121,2,0,0,0,0,0,0,0,0,2,125,0,0,0,0,0,5,11,0,0,0,0,0,0,16,0,0,0,0,0,0,0,0,0,0,0,0,0,0,159
Anodorhynchus_hyacinthinus_(Latham_1790),0,0,0,0,0,0,0,0,0,0,0,0,0,0,0,0,0,0,0,0,0,0,0,0,0,0,0,0,0,0,0,0,0,0,2,0,0,0,0,0,0,2,0,0,0,0,0,0,0,0,0,0,0,0,0,0,2
Eupsittula_aurea_(Gmelin_1788),0,2,0,0,0,0,0,50,0,0,5,13,0,70,3,0,0,0,0,0,5,0,0,0,0,0,0,8,0,0,0,0,0,0,0,0,15,0,0,0,0,15,0,0,0,0,0,0,2,0,0,0,0,0,0,2,95
Primolius_maracana_(Vieillot_1816),0,0,0,0,0,0,0,0,0,0,7,0,0,7,0,0,0,0,0,0,0,0,0,0,0,0,0,0,0,0,0,0,1,2,0,19,10,0,0,0,0,32,0,0,0,0,0,0,0,0,0,0,1,0,0,1,40
Primolius_auricollis_(Cassin_1853),0,2,0,0,0,0,0,0,0,0,2,0,0,4,0,2,0,0,0,0,0,0,0,0,0,0,0,2,0,0,0,0,2,22,0,0,4,0,40,0,0,68,0,0,0,0,0,0,0,2,0,0,3,0,0,5,79
Ara_ararauna_(Linnaeus_1758),0,0,0,0,0,0,0,0,0,0,0,0,5,5,0,0,0,0,0,0,0,0,0,0,0,0,4,4,0,0,2,0,0,1,0,0,0,0,0,0,0,3,0,0,6,0,0,0,0,0,0,0,0,0,0,6,18
Psittacara_leucophthalmus_(Statius_Muller_1776),0,0,0,0,0,0,0,0,0,0,0,0,13,13,0,0,12,0,0,0,0,0,0,0,0,0,0,12,0,0,0,0,0,0,0,2,0,0,6,0,0,8,0,0,0,0,0,0,0,0,0,0,0,0,0,0,33
Thamnophilus_doliatus_(Linnaeus_1764),0,0,0,0,0,0,0,0,0,0,2,0,0,2,0,2,0,0,0,0,0,0,0,0,0,0,0,2,0,2,0,0,0,0,0,0,0,0,0,0,2,4,0,0,0,0,0,0,0,0,0,0,0,0,0,0,8
Taraba_major_(Vieillot_1816),0,0,0,0,0,0,0,0,2,0,0,0,0,2,0,0,0,0,0,0,0,2,0,0,0,0,0,2,0,2,0,0,0,0,0,0,0,0,0,0,2,4,0,0,0,0,0,0,2,0,0,0,0,0,2,4,12
Hypocnemoides_maculicauda_(Pelzeln_1868),0,2,0,0,0,0,0,0,0,0,0,0,0,2,0,0,0,0,0,0,0,0,0,0,0,0,0,0,0,0,0,0,0,0,0,0,0,0,0,0,0,0,0,0,0,0,0,0,0,0,0,0,0,0,0,0,2
Cercomacra_melanaria_(Menetries_1835),0,1,0,0,0,0,0,0,1,0,0,0,0,2,0,1,0,0,1,0,0,2,0,0,2,0,0,6,0,2,0,0,0,0,0,0,0,0,0,0,9,11,0,0,1,0,0,0,0,0,1,0,0,0,0,2,21
Sittasomus_griseicapillus_(Vieillot_1818),0,0,0,0,0,0,0,0,0,0,0,0,0,0,0,0,0,0,0,0,0,0,0,0,0,0,0,0,0,0,0,0,0,0,0,1,0,0,1,0,2,4,0,0,0,0,0,0,0,0,0,0,0,0,0,0,4
Dendrocolaptes_platyrostris_Spix_1825,0,0,0,0,0,0,0,0,0,0,0,0,0,0,0,0,0,0,0,0,0,0,0,0,0,0,0,0,0,0,0,0,0,0,0,0,0,0,1,0,0,1,0,0,0,0,0,0,0,0,0,0,0,0,0,0,1
Dendroplex_picus_(Gmelin_1788),0,1,0,0,0,0,0,0,0,0,0,0,0,1,0,0,0,0,0,0,0,0,0,0,0,0,0,0,0,0,0,0,0,0,0,0,0,0,0,0,0,0,0,0,0,0,0,0,0,0,0,0,0,0,0,0,1
Furnarius_leucopus_Swainson_1838,0,0,0,0,0,2,0,0,5,0,4,0,2,13,0,1,0,0,1,0,3,1,0,0,1,0,2,9,0,15,11,0,0,0,0,1,0,0,2,0,1,30,0,0,0,0,0,0,2,0,1,0,2,0,0,5,57
Furnarius_rufus_(Gmelin_1788),1,3,0,0,0,2,1,0,6,0,0,0,5,18,5,6,3,0,2,0,8,1,7,0,0,0,5,37,2,4,0,0,0,6,0,4,2,0,2,0,9,29,0,0,2,0,0,2,3,1,3,0,0,0,0,11,95
Phacellodomus_rufifrons_(Wied_1821),0,1,0,0,0,0,0,0,0,0,0,0,0,1,0,0,0,0,0,0,0,0,0,0,0,0,0,0,0,0,0,0,0,0,0,0,0,0,0,0,0,0,0,0,0,0,0,0,0,0,0,0,0,0,0,0,1
Phacellodomus_ruber_(Vieillot_1817),0,0,0,0,0,0,0,0,1,0,0,0,0,1,0,2,3,0,0,0,0,0,0,0,0,0,0,5,0,3,0,0,0,0,0,0,0,0,0,0,2,5,0,0,0,0,0,0,0,0,0,0,0,0,0,0,11
Cranioleuca_vulpina_(Pelzeln_1856),0,0,0,0,3,0,0,0,4,0,4,0,0,11,0,0,0,2,0,0,0,0,3,0,1,0,0,6,0,0,0,0,1,0,0,0,0,0,5,0,3,9,0,0,0,0,3,0,0,0,4,0,0,0,2,9,35
Pseudoseisura_unirufa_(d'Orbigny_&_Lafresnaye_1838),0,4,0,0,0,0,1,0,0,3,1,0,5,14,0,3,4,0,0,0,2,1,0,0,0,0,0,10,0,4,0,0,0,0,0,0,0,0,0,0,0,4,0,1,0,0,0,0,0,0,2,0,0,0,0,3,31
Certhiaxis_cinnamomeus_(Gmelin_1788),0,1,0,0,0,0,0,0,0,0,0,0,0,1,0,0,0,0,5,2,0,0,0,0,11,1,1,20,0,0,0,0,0,0,0,0,0,0,0,0,0,0,0,0,0,0,0,1,0,0,0,0,1,0,0,2,23
Synallaxis_albilora_Pelzeln_1856,0,0,0,0,0,0,0,0,0,0,0,0,0,0,0,0,0,0,0,0,0,0,0,0,0,0,0,0,0,0,0,0,0,2,2,0,4,0,5,0,0,13,0,0,0,0,0,2,0,0,1,0,0,0,0,3,16
Synallaxis_hypospodia_Sclater_1874,0,0,0,0,0,0,0,0,0,0,0,0,0,0,0,0,0,0,0,0,0,0,0,0,0,0,0,0,0,0,0,0,0,0,1,0,0,0,0,1,0,2,0,0,0,0,0,0,0,0,0,0,0,0,0,0,2
Todirostrum_cinereum_(Linnaeus_1766),0,2,0,0,0,0,0,0,0,0,0,0,0,2,0,3,0,0,0,0,0,0,0,0,0,0,1,4,0,2,0,0,0,0,0,1,0,0,0,0,0,3,0,0,0,0,0,0,0,0,0,0,0,0,0,0,9
Camptostoma_obsoletum_(Temminck_1824),0,1,0,0,0,0,0,0,0,0,0,0,0,1,0,1,0,0,0,0,0,0,0,0,0,0,0,1,0,0,0,0,0,0,0,0,0,0,0,0,0,0,0,0,0,0,0,0,0,0,0,0,0,0,0,0,2
Elaenia_flavogaster_(Thunberg_1822),0,0,0,0,0,0,0,0,0,0,0,0,0,0,1,3,3,0,0,0,1,0,0,0,0,0,0,8,0,0,0,0,0,0,0,0,1,0,0,0,0,1,0,0,0,0,0,0,0,0,0,0,0,0,0,0,9
Elaenia_spectabilis_Pelzeln_1868,0,0,0,0,0,0,0,0,0,0,0,0,0,0,0,0,1,0,0,0,0,1,0,0,0,0,0,2,0,0,0,0,0,0,0,0,0,0,0,0,0,0,0,0,0,0,0,0,0,0,0,0,0,0,0,0,2
Elaenia_chiriquensis_Lawrence_1865,0,0,0,0,0,0,0,0,0,0,0,0,0,0,0,0,0,0,0,0,1,0,1,0,0,0,6,8,0,0,0,0,0,0,0,0,0,0,0,0,0,0,0,0,0,0,0,0,0,0,0,0,0,0,0,0,8
Serpophaga_subcristata_(Vieillot_1817),0,1,0,0,0,0,0,0,0,0,0,0,0,1,0,0,0,0,0,0,0,0,0,0,1,0,0,1,0,0,0,0,0,0,0,0,0,0,1,0,0,1,0,0,0,0,0,0,0,0,0,0,0,0,0,0,3
Legatus_leucophaius_(Vieillot_1818),0,0,0,0,0,0,0,0,0,0,0,0,0,0,0,0,0,0,0,0,0,0,0,0,0,0,0,0,0,0,0,0,0,0,0,0,0,0,0,0,0,0,0,0,0,0,0,0,0,0,0,0,1,0,0,1,1
Myiarchus_swainsoni_Cabanis_&_Heine_1859,0,0,0,0,0,0,0,0,0,0,0,0,0,0,0,1,0,0,0,0,0,0,0,0,0,0,0,1,0,0,0,0,0,0,0,0,0,0,0,0,0,0,0,0,0,0,0,0,0,0,0,0,0,0,0,0,1
Myiarchus_ferox_(Gmelin_1789),0,0,0,0,0,0,0,0,0,0,0,0,0,0,0,0,1,0,0,0,0,0,0,0,0,0,0,1,0,0,0,0,0,0,0,0,0,0,0,0,0,0,0,0,0,0,0,0,0,0,0,0,0,0,0,0,1
Pitangus_sulphuratus_(Linnaeus_1766),2,9,1,0,1,5,5,2,6,0,3,0,3,37,1,3,9,0,2,4,13,2,3,0,10,0,0,47,0,6,0,0,5,5,6,3,1,0,3,1,4,34,0,4,2,0,0,2,3,0,2,0,9,0,0,22,140
Philohydor_lictor_(Lichtenstein_1823),0,2,0,0,2,0,0,0,1,0,8,0,0,13,0,0,0,1,1,0,5,4,0,0,4,0,0,15,0,0,0,0,0,0,7,0,0,1,6,0,1,15,0,0,0,0,0,0,2,0,0,0,0,0,0,2,45
Machetornis_rixosa_(Vieillot_1819),2,2,0,0,0,2,0,0,0,0,2,0,0,8,0,0,0,0,0,0,6,0,0,0,1,0,0,7,0,3,0,0,0,0,0,0,2,0,0,0,0,5,3,4,1,0,0,0,0,0,0,0,3,0,0,11,31
Myiodynastes_maculatus_(Statius_Muller_1776),0,0,0,0,1,0,0,0,0,0,0,0,0,1,0,0,0,0,0,0,0,0,0,0,0,0,0,0,0,0,0,0,0,0,0,0,0,0,0,0,0,0,0,0,0,0,0,0,0,0,0,0,0,0,0,0,1
Megarynchus_pitangua_(Linnaeus_1766),0,1,0,0,0,0,0,0,0,0,1,0,0,2,0,0,1,0,0,0,0,0,0,0,0,0,0,1,0,0,0,0,0,0,0,0,0,0,0,0,0,0,0,0,0,0,0,0,0,0,0,0,0,0,0,0,3
Myiozetetes_cayanensis_(Linnaeus_1766),0,0,0,0,0,0,0,0,0,0,0,0,0,0,0,0,0,0,0,0,0,0,0,0,0,0,0,0,0,0,0,0,0,0,0,0,0,0,0,1,0,1,0,0,0,0,0,0,1,0,0,0,0,0,0,1,2
Myiozetetes_similis_(Spix_1825),1,0,0,2,0,0,0,0,0,0,0,0,0,3,0,0,1,0,0,0,0,0,0,0,0,0,0,1,0,1,0,0,0,0,0,0,0,0,0,0,0,1,0,0,0,0,0,0,0,0,0,0,0,0,0,0,5
Tyrannus_albogularis_Burmeister_1856,0,0,0,0,0,0,0,0,0,0,0,0,0,0,0,3,0,0,0,0,0,0,0,0,0,0,0,3,0,0,0,0,0,0,0,0,0,0,1,0,0,1,0,0,0,0,0,0,0,0,0,0,0,0,0,0,4
Tyrannus_melancholicus_Vieillot_1819,0,4,0,0,0,0,4,0,4,1,7,0,7,27,0,3,3,1,0,1,5,12,0,1,11,0,2,39,2,0,0,0,1,3,0,1,4,4,11,1,5,32,5,6,0,0,0,0,4,2,8,0,7,0,2,34,132
Tyrannus_savana_Daudin_1802,0,0,0,0,0,0,0,0,0,0,0,0,0,0,0,0,0,0,0,0,0,0,0,0,35,0,1,36,0,0,0,0,0,0,0,0,0,0,0,0,0,0,0,0,0,0,0,0,0,0,0,0,0,0,0,0,36
Arundinicola_leucocephala_(Linnaeus_1764),0,0,0,0,0,0,0,0,0,0,0,0,0,0,0,0,0,0,0,0,0,0,0,0,0,0,0,0,0,0,0,0,0,0,0,0,0,0,0,0,0,0,0,0,0,0,0,0,0,0,0,0,1,0,0,1,1
Fluvicola_albiventer_(Spix_1825),0,0,0,0,0,0,0,0,1,0,0,0,0,1,0,0,0,0,0,0,0,0,0,0,0,0,0,0,0,0,0,0,0,0,0,0,0,0,0,0,0,0,0,0,0,0,0,0,0,0,0,0,1,0,0,1,2
Fluvicola_nengeta_(Linnaeus_1766),0,0,0,0,0,0,0,0,0,0,0,1,0,1,0,0,0,0,0,0,0,0,0,0,0,0,0,0,0,0,0,0,0,0,0,0,0,0,0,0,0,0,0,0,0,0,0,0,0,0,0,0,1,0,0,1,2
Pyrocephalus_rubinus_(Boddaert_1783),0,2,0,0,0,0,3,0,0,0,1,0,0,6,0,0,0,0,0,0,0,0,0,0,0,0,0,0,0,0,0,0,0,0,0,0,0,0,0,0,0,0,0,0,0,0,0,0,0,0,0,0,0,0,0,0,6
Xolmis_velatus_(Lichtenstein_1823),0,0,0,0,0,0,0,0,0,0,0,0,0,0,0,0,0,0,0,0,1,0,0,0,0,0,0,1,0,0,0,0,0,0,0,0,0,0,0,0,0,0,0,0,0,0,0,0,0,0,0,0,0,0,0,0,1
Cyclarhis_gujanensis_(Gmelin_1789),0,0,0,0,0,0,0,0,0,0,0,0,0,0,0,0,0,0,0,0,0,0,0,0,0,0,1,1,0,0,0,0,0,0,0,0,0,0,0,0,1,1,0,0,0,0,0,0,0,0,0,0,0,0,0,0,2
Cyanocorax_cyanomelas_(Vieillot_1818),0,4,0,0,0,0,0,0,0,0,0,0,0,4,0,0,0,0,5,0,0,0,0,0,0,0,0,5,0,0,0,0,0,0,0,0,0,0,0,0,2,2,6,2,0,0,0,0,0,0,0,0,0,0,0,8,19
Atticora_fasciata_(Gmelin_1789),0,0,0,0,0,0,0,0,0,0,0,0,0,0,0,0,0,0,0,0,0,0,2,0,0,0,0,2,0,0,0,0,0,0,0,0,0,0,0,0,0,0,0,0,0,0,0,0,0,0,0,0,0,0,0,0,2
Stelgidopteryx_ruficollis_(Vieillot_1817),0,0,0,0,0,0,6,9,10,0,0,0,0,25,0,0,0,0,0,0,6,3,4,4,1,0,0,18,0,3,0,0,0,2,9,3,6,0,2,0,0,25,0,0,0,0,0,0,7,2,2,0,0,0,0,11,79
Progne_tapera_(Linnaeus_1766),0,0,0,0,0,0,0,0,0,0,0,0,0,0,0,0,0,0,0,0,0,0,0,0,0,0,0,0,0,0,0,0,0,0,0,0,0,0,0,0,0,0,0,0,0,0,0,0,2,4,0,0,3,0,0,9,9
Progne_chalybea_(Gmelin_1789),0,0,0,0,0,0,0,0,1,0,0,0,0,1,1,4,1,0,0,2,9,2,1,0,166,0,10,196,0,2,0,0,0,0,0,1,0,0,0,0,0,3,0,4,3,0,0,0,0,4,1,0,6,0,0,18,218
Tachycineta_albiventer_(Boddaert_1783),0,3,0,0,0,3,15,13,6,0,3,0,0,43,0,5,6,0,0,7,20,6,1,0,1,0,1,47,0,0,0,0,0,5,29,2,3,0,3,2,0,44,0,0,0,0,0,7,25,2,0,3,4,0,0,41,175
Riparia_riparia_(Linnaeus_1758),0,0,0,0,0,0,0,4,0,0,0,0,0,4,0,0,0,0,0,0,0,0,0,0,0,0,0,0,0,0,0,0,0,0,0,0,0,0,0,0,0,0,0,0,0,0,0,0,0,0,0,0,0,0,0,0,4
Troglodytes_musculus_Naumann_1823,0,0,0,0,0,0,0,0,0,0,0,0,0,0,0,0,0,0,0,0,0,0,0,0,0,0,0,0,0,0,0,0,1,0,0,0,0,0,0,0,0,1,0,0,0,0,0,0,0,0,0,0,0,0,0,0,1
Campylorhynchus_turdinus_(Wied_1831),0,0,0,0,0,7,0,2,0,0,0,0,8,17,0,1,4,0,0,3,1,5,0,0,0,0,0,14,0,2,1,0,0,6,0,2,2,0,0,0,5,18,0,0,0,0,0,0,0,0,0,0,1,0,0,1,50
Polioptila_dumicola_(Vieillot_1817),0,1,0,0,0,0,0,0,0,0,0,0,0,1,0,2,1,0,0,0,0,0,0,0,0,0,0,3,0,0,0,0,0,0,0,0,0,0,0,0,0,0,0,0,0,0,0,0,0,0,0,0,0,0,0,0,4
Donacobius_atricapilla_(Linnaeus_1766),0,0,0,0,1,0,3,2,12,0,3,12,1,34,0,0,0,4,2,0,0,0,1,0,1,0,0,8,0,0,0,0,0,2,4,1,4,0,2,10,1,24,0,0,0,0,0,0,6,1,1,0,5,0,0,13,79
Turdus_rufiventris_Vieillot_1818,0,1,0,0,0,1,0,1,0,0,0,0,3,6,0,5,2,0,0,0,4,0,2,0,1,0,0,14,0,3,0,0,0,0,0,0,0,0,0,0,3,6,0,4,0,0,0,0,0,1,2,0,0,0,0,7,33
Mimus_saturninus_(Lichtenstein_1823),0,0,0,0,0,0,0,0,0,0,0,0,0,0,0,0,0,0,0,0,2,0,0,0,0,0,5,7,0,0,1,0,0,0,0,0,0,0,0,0,2,3,0,0,0,0,0,0,0,0,0,0,0,0,0,0,10
Passer_domesticus_(Linnaeus_1758),0,0,0,0,0,0,0,1,0,0,0,0,0,1,0,0,0,0,0,0,0,0,0,0,0,0,0,0,0,0,0,0,0,0,0,0,0,0,0,0,0,0,0,0,0,0,0,0,0,0,0,0,0,0,0,0,1
Anthus_chii_Vieillot_1818,0,0,4,0,0,0,0,1,0,0,0,0,0,5,0,0,0,0,0,0,0,0,0,0,0,0,0,0,0,3,18,0,0,0,0,0,0,0,0,0,0,21,0,0,4,0,0,1,0,0,2,0,0,0,0,7,33
Euphonia_chlorotica_(Linnaeus_1766),0,1,0,0,0,0,0,0,0,0,0,0,0,1,0,0,0,0,0,0,0,0,0,0,0,0,0,0,0,0,0,0,0,0,0,0,0,0,0,0,0,0,0,0,0,0,0,0,0,0,0,0,0,0,0,0,1
Zonotrichia_capensis_(Statius_Muller_1776),0,0,0,0,0,0,0,0,0,0,0,0,2,2,0,0,0,0,0,0,0,0,0,0,0,0,0,0,0,0,0,0,0,0,0,0,0,0,0,0,0,0,0,0,0,0,0,0,0,0,0,0,0,0,0,0,2
Leistes_superciliaris_(Bonaparte_1850),0,0,0,0,0,0,0,0,0,0,0,0,0,0,0,0,0,0,0,0,0,0,0,0,0,0,3,3,0,0,0,0,0,0,0,0,0,0,0,0,0,0,0,0,0,0,0,0,0,0,0,0,0,0,0,0,3
Psarocolius_decumanus_(Pallas_1769),0,1,0,5,0,0,0,0,0,0,0,0,0,6,0,0,6,0,0,0,0,0,0,0,0,0,0,6,0,0,0,0,0,0,0,0,0,0,0,0,0,0,0,0,0,0,1,0,0,0,0,0,0,0,0,1,13
Cacicus_solitarius_(Vieillot_1816),0,1,30,0,0,0,0,0,0,0,0,0,0,31,0,1,0,0,0,3,0,0,0,0,1,0,0,5,0,0,0,0,0,0,0,0,1,0,0,0,0,1,0,0,0,0,1,0,0,0,3,0,0,0,0,4,41
Cacicus_cela_(Linnaeus_1758),0,0,0,0,1,0,1,4,0,0,1,0,2,9,3,0,0,0,5,4,7,5,2,0,2,0,2,30,0,0,0,0,0,9,5,0,1,0,7,0,0,22,0,0,0,0,0,0,7,3,2,0,2,0,0,14,75
Icterus_croconotus_(Wagler_1829),0,0,0,0,0,0,0,0,1,0,0,0,9,10,0,0,0,0,0,0,1,2,0,0,0,0,0,3,0,0,0,0,0,0,0,0,0,0,0,0,2,2,0,0,0,0,0,0,0,0,0,0,0,0,0,0,15
Icterus_pyrrhopterus_(Vieillot_1819),0,0,0,0,0,0,0,0,0,0,0,0,1,1,0,0,0,0,0,0,0,0,0,0,0,0,0,0,0,0,0,0,0,0,0,0,0,0,0,0,0,0,0,0,0,0,0,0,0,0,0,0,0,0,0,0,1
Molothrus_bonariensis_(Gmelin_1789),0,0,0,0,0,0,0,0,21,0,1,0,0,22,0,3,0,0,0,5,1,0,0,0,0,0,0,9,0,0,0,0,0,0,2,0,0,0,12,0,2,16,0,0,0,0,0,0,0,0,0,0,0,0,0,0,47
Gnorimopsar_chopi_(Vieillot_1819),0,32,0,0,0,0,1,0,1,0,0,0,7,41,0,5,0,0,1,0,5,2,0,0,0,0,2,15,0,0,0,0,0,0,2,0,0,0,0,0,0,2,0,0,0,0,0,0,0,0,0,0,0,0,0,0,58
Agelaioides_badius_(Vieillot_1819),0,0,0,0,0,0,1,0,0,0,0,0,0,1,0,0,0,0,0,0,0,0,0,0,0,0,2,2,0,0,0,0,0,0,0,0,0,0,0,0,3,3,0,0,0,0,0,0,0,0,0,0,0,0,0,0,6
Agelasticus_cyanopus_(Vieillot_1819),0,0,0,0,0,0,0,0,0,0,0,0,0,0,0,0,0,0,0,2,0,0,0,0,10,0,0,12,0,0,0,0,0,8,0,0,0,0,0,0,0,8,0,0,0,0,0,0,0,0,2,0,0,0,2,4,24
Saltator_maximus_(Statius_Muller_1776),0,0,0,0,0,2,0,0,1,0,0,0,1,4,0,0,0,0,0,0,0,2,0,0,0,0,0,2,0,0,0,0,0,0,0,0,0,0,0,0,0,0,0,0,0,0,0,0,0,0,0,0,0,0,0,0,6
Saltator_coerulescens_Vieillot_1817,0,2,0,0,0,0,0,0,0,0,0,0,0,2,0,0,0,0,0,0,2,0,0,0,0,0,0,2,0,0,0,0,0,0,0,0,0,0,0,0,0,0,0,0,0,0,0,0,0,0,0,0,0,0,0,0,4
Saltator_similis_d'Orbigny_&_Lafresnaye_1837,0,2,0,0,0,0,0,0,0,0,0,0,0,2,0,0,0,0,0,0,3,0,0,0,0,0,0,3,0,0,0,0,0,0,0,0,0,0,1,0,0,1,0,0,0,0,0,0,0,0,0,0,0,0,0,0,6
Coereba_flaveola_(Linnaeus_1758),0,2,0,0,0,0,0,0,0,0,0,0,0,2,0,0,0,0,0,0,0,0,0,0,0,0,0,0,0,2,0,0,0,0,0,0,0,0,0,0,0,2,0,0,0,0,0,0,0,0,0,0,0,0,0,0,4
Volatinia_jacarina_(Linnaeus_1766),0,0,0,0,0,0,5,0,0,0,0,0,0,5,0,0,2,0,2,0,1,0,0,0,0,0,0,5,0,0,0,0,0,0,0,0,0,0,4,0,2,6,0,0,0,0,0,0,0,0,0,0,0,0,0,0,16
Ramphocelus_bresilia_(Linnaeus_1766),0,0,0,0,1,0,0,1,0,0,0,0,0,2,0,0,0,0,0,0,0,0,0,0,0,0,0,0,0,0,0,0,0,0,0,0,0,0,0,0,0,0,0,0,0,0,0,0,0,0,0,0,0,0,0,0,2
Ramphocelus_carbo_(Pallas_1764),0,7,0,0,0,3,0,0,1,0,1,0,0,12,0,2,0,0,11,0,10,20,1,0,5,0,0,49,0,0,0,0,2,15,0,1,5,0,0,0,0,23,0,0,0,0,3,0,2,0,0,0,3,0,0,8,92
Sporophila_lineola_(Linnaeus_1758),0,0,0,0,0,0,0,0,0,0,0,0,0,0,0,0,0,0,0,0,0,0,0,0,0,0,2,2,0,0,0,0,0,0,0,0,0,0,0,0,0,0,0,0,0,0,0,0,0,0,0,0,0,0,0,0,2
Sporophila_plumbea_(Wied_1830),0,0,0,0,0,0,0,0,0,0,0,0,0,0,0,0,0,0,0,0,0,0,2,0,8,0,0,10,0,0,0,0,0,0,0,0,0,0,0,0,0,0,0,0,0,0,0,0,0,0,0,0,0,0,0,0,10
Sporophila_collaris_(Boddaert_1783),0,0,0,0,0,0,0,0,0,0,0,0,0,0,0,0,0,0,0,0,0,0,1,0,0,0,0,1,0,0,0,0,0,0,0,0,0,0,0,0,0,0,0,0,0,0,0,0,0,0,0,0,0,0,0,0,1
Sporophila_nigricollis_(Vieillot_1823),0,0,0,0,0,0,0,0,0,0,0,0,0,0,0,0,0,0,0,0,0,0,0,0,0,0,2,2,0,0,0,0,0,0,0,0,0,0,0,0,0,0,0,0,0,0,0,0,0,0,0,0,0,0,2,2,4
Sporophila_caerulescens_(Vieillot_1823),0,0,0,0,0,0,0,0,0,0,0,0,0,0,0,0,0,0,0,0,0,0,1,0,0,0,0,1,0,0,0,0,0,0,0,0,0,0,0,0,0,0,0,0,0,0,0,0,0,0,0,0,0,0,0,0,1
Sporophila_bouvreuil_(Statius_Muller_1776),0,0,0,0,0,0,0,0,0,0,0,0,0,0,0,0,0,0,0,0,0,0,0,0,0,0,1,1,0,0,0,0,0,0,0,0,0,0,0,0,0,0,0,0,0,0,0,0,0,0,0,0,0,0,0,0,1
Sicalis_flaveola_(Linnaeus_1766),10,200,0,0,0,0,0,0,0,0,0,0,5,215,0,6,0,0,0,0,0,0,0,0,2,0,2,10,0,8,7,0,0,0,0,4,0,0,2,0,5,26,0,8,2,0,0,0,0,0,0,0,0,0,0,10,261
Paroaria_coronata_(Miller_1776),0,0,0,0,0,2,0,0,0,0,0,0,0,2,0,0,0,0,0,0,0,0,0,0,0,0,0,0,0,0,0,0,0,0,0,0,0,0,0,0,0,0,0,0,0,0,0,0,0,0,0,0,0,0,0,0,2
Paroaria_capitata_(d'Orbigny_&_Lafresnaye_1837),0,9,5,0,0,6,6,6,2,0,7,7,17,65,0,12,2,0,4,5,3,25,7,0,20,0,10,88,0,6,0,0,1,0,3,0,1,0,1,0,3,15,0,2,0,0,2,0,0,0,5,0,9,0,0,18,186
Thraupis_sayaca_(Linnaeus_1766),0,0,0,0,0,1,0,1,0,0,0,0,1,3,0,8,0,0,0,0,0,0,0,0,0,0,1,9,0,0,0,0,0,0,1,0,0,0,1,0,2,4,0,0,0,0,1,1,3,3,3,0,3,0,0,14,30
Thraupis_palmarum_(Wied_1821),0,2,0,0,0,0,0,0,0,0,0,0,5,7,0,3,0,0,0,0,0,1,0,0,0,0,0,4,0,0,0,0,0,0,0,0,0,0,0,0,1,1,0,1,0,0,0,0,0,0,0,0,0,0,0,1,13
Stilpnia_cayana_(Linnaeus_1766),0,0,0,0,0,0,0,0,0,0,0,0,0,0,0,0,0,0,0,0,0,0,1,0,0,0,0,1,0,0,0,0,0,0,0,0,0,0,0,0,0,0,0,0,0,0,0,0,0,0,0,0,0,0,0,0,1
,34,410,1218,75,44,67,219,320,222,432,236,599,339,4215,132,205,364,39,80,110,488,335,104,201,425,40,388,2911,21,127,346,364,43,172,174,121,138,81,321,56,270,2234,23,59,226,12,23,137,107,63,89,53,196,6,51,1045,10405
