Nome_do_taxon_,estrada_(mata_+_comunidade)___Vasante,FOAD_Vasante,B._sonhos_vasante,Sia_mariana__corixo_Leme__vasante,Corixo_Leme_vasante,Rio_III_vasante,RioII_vasante,Rio_I_vasante,Mane_Isaque_vasante,Sia_Mariana__Mutum_vasante,Rio_Mutum_vasante,Corixo_do_Mato_vasante,Chacorore__vasante,Total_1º_coleta/_Vazante,estrada_(mata_+_comunidade)_seca,FOAD_seca,B._sonhos_seca,Sia_Mariana__corixo_do_leme_seca,Corixo_Leme_seca,Rio_III_seca,_Rio_II_seca,Rio_I_seca,Mane_Isaque_seca,Sia_Mariana__Mutum_seca,Rio_Mutum_seca,Corixo_do_Mato_seca,Chacorore_seca,Total_2º_coleta/_Seca,estrada_(mata_+_comunidade)_enchente,FOAD_enchente,B._sonhos_enchente,Sia_Mariana___Corixo_do_Leme_enchente,Corixo_Leme_enchente,Rio_III_enchente,Rio_II_enchente,Rio_I_enchente,Mane_Isaque_enchente,Sia_Mariana__Mutum_enchente,Rio_Mutum_enchente,Corixo_do_Mato_enchente,Chacorore_enchente,Total_3º_coleta/_enchente,estrada_(mata_+_comunidade)_cheia,FOAD_cheia,B._sonhos_cheia,Sia_Mariana___Corixo_do_leme_cheia,Corixo_Leme_cheia,Rio_III_cheia,Rio_II_cheia,Rio_I_cheia,Mane_Isaque_cheia,Sia_Mariana__Mutum_cheia,Rio_Mutum_cheia,Corixo_do_Mato_cheia,Chacorore_cheia,Total_4º_coleta/_Cheia,
Tinamiformes_Huxley_1872,,,,,,,,,,,,,,0,,,,,,,,,,,,,,0,,,,,,,,,,,,,,0,,,,,,,,,,,,,,0,
Tinamidae_Gray_1840,,,,,,,,,,,,,,,,,,,,,,,,,,,,,,,,,,,,,,,,,,,,,,,,,,,,,,,,,
Crypturellus_Brabourne_&_Chubb_1914,,,,,,,,,,,,,,,,,,,,,,,,,,,,,,,,,,,,,,,,,,,,,,,,,,,,,,,,,
Crypturellus_undulatus_(Temminck_1815),,,,,,,,,,,,,,0,,,2,,,,,,,,,,,2,,,,,,,,,,,,2,,2,,,,,,,,,,,,,,0,4
Anseriformes_Linnaeus_1758,,,,,,,,,,,,,,0,,,,,,,,,,,,,,0,,,,,,,,,,,,,,0,,,,,,,,,,,,,,,
Anhimidae_Stejneger_1885,,,,,,,,,,,,,,,,,,,,,,,,,,,,,,,,,,,,,,,,,,,,,,,,,,,,,,,,,
Anhima_Brisson_1760,,,,,,,,,,,,,,,,,,,,,,,,,,,,,,,,,,,,,,,,,,,,,,,,,,,,,,,,,
Anhima_cornuta_(Linnaeus_1766),,,,,,,,,,,,,,0,,,,,,,,2,,,2,,7,11,,,,,,,1,,,,,,,1,,,,,,,,,,,,,,0,12
Chauna_Illiger_1811,,,,,,,,,,,,,,,,,,,,,,,,,,,,,,,,,,,,,,,,,,,,,,,,,,,,,,,,,
Chauna_torquata_(Oken_1816),,,,,,,,,,,,,,0,,,2,,,,,,2,,,,,4,,,3,,,,,2,,,,3,2,10,,,2,,1,,,,,,,,,3,17
Anatidae_Leach_1820,,,,,,,,,,,,,,,,,,,,,,,,,,,,,,,,,,,,,,,,,,,,,,,,,,,,,,,,,
Dendrocygninae_Reichenbach_1850,,,,,,,,,,,,,,,,,,,,,,,,,,,,,,,,,,,,,,,,,,,,,,,,,,,,,,,,,
Dendrocygna_Swainson_1837,,,,,,,,,,,,,,,,,,,,,,,,,,,,,,,,,,,,,,,,,,,,,,,,,,,,,,,,,
Dendrocygna_bicolor_(Vieillot_1816),,,2,,,,,,,,,,,2,,,,,,,,,,,,,,0,,,,,,,,,,,,,,0,,,,,,,,,,,,,,0,2
Dendrocygna_viduata_(Linnaeus_1766),,,36,25,,,,,,,,3,3,67,,,,,,,,,,12,5,,140,157,,,8,,,,,,,,2,,,10,,,7,,,,,,,13,,,3,23,257
Dendrocygna_autumnalis_(Linnaeus_1758),,,61,,,,,,,,,,,61,,,,,,,37,,,1,,,16,54,,16,44,348,,9,,,,,4,0,62,483,,6,52,,,,2,,,5,2,,12,79,677
Anatinae_Leach_1820,,,,,,,,,,,,,,,,,,,,,,,,,,,,,,,,,,,,,,,,,,,,,,,,,,,,,,,,,
Cairina_Fleming_1822,,,,,,,,,,,,,,,,,,,,,,,,,,,,,,,,,,,,,,,,,,,,,,,,,,,,,,,,,
Cairina_moschata_(Linnaeus_1758),,,,,,,,,,,5,,,5,,,,,,,,,,,4,,,4,,,,,,,,,,,,,,0,,,,,,,,,,,2,,,2,11
Amazonetta_Boetticher_1929,,,,,,,,,,,,,,,,,,,,,,,,,,,,,,,,,,,,,,,,,,,,,,,,,,,,,,,,,
Amazonetta_brasiliensis_(Gmelin_1789),,,,,,,,,,,,,3,3,,2,,,,,,,,23,,,,25,,3,3,,,,,,,,,,,6,,,,,,,,,,3,,,,3,37
Anas_Linnaeus_1758,,,,,,,,,,,,,,,,,,,,,,,,,,,,,,,,,,,,,,,,,,,,,,,,,,,,,,,,,
Anas_bahamensis_Linnaeus_1758,,,,,,,,,,,,,,0,,,,,,,,,,2,,,,2,,,,,,,,,,,,,,0,,,,,,,,,,,,,,0,2
Galliformes_Linnaeus_1758,,,,,,,,,,,,,,0,,,,,,,,,,,,,,0,,,,,,,,,,,,,,0,,,,,,,,,,,,,,0,0
Cracidae_Rafinesque_1815,,,,,,,,,,,,,,,,,,,,,,,,,,,,,,,,,,,,,,,,,,,,,,,,,,,,,,,,,
Penelope_Merrem_1786,,,,,,,,,,,,,,,,,,,,,,,,,,,,,,,,,,,,,,,,,,,,,,,,,,,,,,,,,
Penelope_ochrogaster_Pelzeln_1870,,,,,,,,,,,,,,0,,,,,,,,,,,2,,,2,,,,,1,,,,,,5,,,6,,,,,,,,,,,,,,0,8
Aburria_Reichenbach_1853,,,,,,,,,,,,,,,,,,,,,,,,,,,,,,,,,,,,,,,,,,,,,,,,,,,,,,,,,
Aburria_cumanensis_(Jacquin_1784),,,,,,,,,,,,,,0,,,4,,,,,,,,,,,4,,,,,1,,1,,,,,,,2,,,,,,,,,,,,,,0,6
Aburria_cujubi_(Pelzeln_1858),,,,,,,,,,,,,,0,,,,,11,1,,,,,2,,,14,,,,,5,2,,,,,,,,7,,,,,,,,,,1,,,,1,22
Ortalis_Merrem_1786,,,,,,,,,,,,,,,,,,,,,,,,,,,,,,,,,,,,,,,,,,,,,,,,,,,,,,,,,
Ortalis_canicollis_(Wagler_1830),3,,12,,,3,12,8,,,2,,,40,,5,10,4,,15,10,1,2,,3,,5,55,,8,11,,4,1,1,2,2,,,0,8,37,,6,7,,,5,1,,,,1,,,20,152
Crax_Linnaeus_1758,,,,,,,,,,,,,,,,,,,,,,,,,,,,,,,,,,,,,,,,,,,,,,,,,,,,,,,,,
Crax_fasciolata_Spix_1825,2,,,,,,,,,,,,,2,4,2,4,3,,,,,,,,,,13,,2,,,,,2,,,,2,,,6,,,,,,,,,,,2,,,2,23
Columbiformes_Latham_1790,,,,,,,,,,,,,,,,,,,,,,,,,,,,,,,,,,,,,,,,,,,,,,,,,,,,,,,,,
Columbidae_Leach_1820,,,,,,,,,,,,,,,,,,,,,,,,,,,,,,,,,,,,,,,,,,,,,,,,,,,,,,,,,
Columbinae_Leach_1820,,,,,,,,,,,,,,,,,,,,,,,,,,,,,,,,,,,,,,,,,,,,,,,,,,,,,,,,,
Patagioenas_Reichenbach_1853,,,,,,,,,,,,,,,,,,,,,,,,,,,,,,,,,,,,,,,,,,,,,,,,,,,,,,,,,
Patagioenas_speciosa_(Gmelin_1789),,,,,,,,,,,,,,0,,,,,,,,,,,,,1,1,,,,,,,,,,,1,,,1,,,,,,,,,,,2,,,2,4
Patagioenas_picazuro_(Temminck_1813),,,19,,,,8,5,1,3,27,4,9,76,,,,5,2,1,,,,36,19,,,63,,,4,,,2,11,1,,2,6,1,,27,,2,,,,,,,1,1,2,,,6,172
Patagioenas_cayennensis_(Bonnaterre_1792),,,,,,,,,,,,,,0,,,,,,1,,,,,1,,,2,,,,,,,1,,,,1,1,,3,,,,,,,,,,,2,,,2,7
Geotrygon_Gosse_1847,,,,,,,,,,,,,,,,,,,,,,,,,,,,,,,,,,,,,,,,,,,,,,,,,,,,,,,,,
Geotrygon_montana_(Linnaeus_1758),,,,,,,,,,,,,,0,,,,,,,,,,,,,,0,,1,,,,,,,,,,,,1,,,,,,,,,,,,,,0,1
Leptotila_Swainson_1837,,,,,,,,,,,,,,,,,,,,,,,,,,,,,,,,,,,,,,,,,,,,,,,,,,,,,,,,,
Leptotila_verreauxi_Bonaparte_1855,,1,,,,,1,,,,2,,5,9,1,6,8,,,4,,6,1,,,,2,28,,4,,,,,1,,1,,9,0,1,16,,5,,,,,,,,,3,,,8,61
Leptotila_rufaxilla_(Richard_&_Bernard_1792),,,,,,,,,,,,,,0,,,,,,1,,,1,,,,,2,,2,,,,2,,,,,1,,,5,,,,,,,,,,,,,,0,7
Zenaida_Bonaparte_1838,,,,,,,,,,,,,,,,,,,,,,,,,,,,,,,,,,,,,,,,,,,,,,,,,,,,,,,,,
Zenaida_auriculata_(Des_Murs_1847),,,,,,,,1,,,1,,,2,,,,,,,,,,,8,,,8,,,,,,,,,,,,,,0,,,,,1,,,,,,3,,,4,14
Claravinae_Richmond_1917,,,,,,,,,,,,,,,,,,,,,,,,,,,,,,,,,,,,,,,,,,,,,,,,,,,,,,,,,
Claravis_Oberholser_1899,,,,,,,,,,,,,,,,,,,,,,,,,,,,,,,,,,,,,,,,,,,,,,,,,,,,,,,,,
Claravis_pretiosa_(Ferrari_Perez_1886),,,,,,,,,,,,,,0,,,,,,,,,,,,,,0,,1,,,,,,,,,,2,,3,,,,,,,,,,,,,,0,3
Uropelia_Bonaparte_1855,,,,,,,,,,,,,,,,,,,,,,,,,,,,,,,,,,,,,,,,,,,,,,,,,,,,,,,,,
Uropelia_campestris_(Spix_1825),,,,,,,,,1,,,,,1,,,,,,,,,,,,,,0,,,,,,,,,,,,,,0,,,,,,,,,,,,,,0,1
Columbina_Spix_1825,,,,,,,,,,,,,,,,,,,,,,,,,,,,,,,,,,,,,,,,,,,,,,,,,,,,,,,,,
Columbina_minuta_(Linnaeus_1766),,,,,,,,,,,,,,0,,,,,,,,,,,,,,0,,,,,,,,,,,,0,2,2,,,,,,,,,,,,,,0,2
Columbina_talpacoti_(Temminck_1811),,2,,,,,3,12,8,,,,44,69,7,1,10,,,1,20,26,3,,,,15,83,7,6,,,,6,1,,1,1,33,0,16,71,5,1,2,,1,5,,,2,,3,,,19,242
Columbina_squammata_(Lesson_1831),,3,,,,2,,,1,,,,,6,,,,,,,2,,1,,,,,3,,1,2,,,5,1,2,,,,0,10,21,2,,3,,,,,,,,1,,,6,36
Columbina_picui_(Temminck_1813),,,,,,,,,,,,,,0,2,,,,,,,1,,,,,5,8,1,,,,,,,,,,,0,3,4,,2,,,,,,,,,,,,2,14
Cuculiformes_Wagler_1830,,,,,,,,,,,,,,,,,,,,,,,,,,,,,,,,,,,,,,,,,,,,,,,,,,,,,,,,,
Cuculidae_Leach_1820,,,,,,,,,,,,,,,,,,,,,,,,,,,,,,,,,,,,,,,,,,,,,,,,,,,,,,,,,
Crotophaginae_Swainson_1837,,,,,,,,,,,,,,,,,,,,,,,,,,,,,,,,,,,,,,,,,,,,,,,,,,,,,,,,,
Guira_Lesson_1830,,,,,,,,,,,,,,,,,,,,,,,,,,,,,,,,,,,,,,,,,,,,,,,,,,,,,,,,,
Guira_guira_(Gmelin_1788),,,,,,,,,,,,,,0,,,,,,,5,1,1,,,,1,8,2,,,,,,,2,,,,,,4,,,,,,,1,,1,,,,,2,14
Crotophaga_Linnaeus_1758,,,,,,,,,,,,,,,,,,,,,,,,,,,,,,,,,,,,,,,,,,,,,,,,,,,,,,,,,
Crotophaga_major_Gmelin_1788,,,,,,,,,,,3,,,3,,,9,,,,,1,,,9,,6,25,,,,,4,2,,20,7,,,1,,34,,,,,2,1,5,1,11,,5,,2,27,89
Crotophaga_ani_Linnaeus_1758,1,,,,,5,2,4,7,,5,15,6,45,4,1,,5,,6,9,4,23,,1,,14,67,,,,,,1,5,,2,,4,2,29,43,,,2,,2,1,2,,7,,,,2,16,171
Taperinae_Verheyen_1956,,,,,,,,,,,,,,,,,,,,,,,,,,,,,,,,,,,,,,,,,,,,,,,,,,,,,,,,,
Dromococcyx_Wied_1832,,,,,,,,,,,,,,,,,,,,,,,,,,,,,,,,,,,,,,,,,,,,,,,,,,,,,,,,,
Dromococcyx_phasianellus_(Spix_1824),,,,,,,,,1,,1,,,2,,1,,,,,,,,,,,,1,,,,,,,,,,,,,,0,,,,,,,,,,,,,,0,3
Cuculinae_Leach_1820,,,,,,,,,,,,,,,,,,,,,,,,,,,,,,,,,,,,,,,,,,,,,,,,,,,,,,,,,
Piaya_Lesson_1830,,,,,,,,,,,,,,,,,,,,,,,,,,,,,,,,,,,,,,,,,,,,,,,,,,,,,,,,,
Piaya_cayana_(Linnaeus_1766),,,,,,,,,,,,,,0,,,,,,,,,,,,,,0,,,,,,,,,,,1,1,,2,,,,,,,,,,,,,,0,2
Caprimulgiformes_Ridgway_1881,,,,,,,,,,,,,,,,,,,,,,,,,,,,,,,,,,,,,,,,,,,,,,,,,,,,,,,,,
Caprimulgidae_Vigors_1825,,,,,,,,,,,,,,,,,,,,,,,,,,,,,,,,,,,,,,,,,,,,,,,,,,,,,,,,,
Nyctidromus_Gould_1838,,,,,,,,,,,,,,,,,,,,,,,,,,,,,,,,,,,,,,,,,,,,,,,,,,,,,,,,,
Nyctidromus_albicollis_(Gmelin_1789),,60,,,,,,,,,,,,60,,52,,,,,,,,,,39,,91,,,,,,,,,,,,,,0,,,,,,,,,,,,,,0,151
Nannochordeiles_Hartert_1896,,,,,,,,,,,,,,,,,,,,,,,,,,,,,,,,,,,,,,,,,,,,,,,,,,,,,,,,,
Nannochordeiles_pusillus_(Gould_1861),,,14,,,,,,,,,,,14,,,,,,,,,,,,,,0,,,,,,,,,,,,,,0,,,,,,,,,,,,,,0,14
Podager_Wagler_1832,,,,,,,,,,,,,,,,,,,,,,,,,,,,,,,,,,,,,,,,,,,,,,,,,,,,,,,,,
Podager_nacunda_(Vieillot_1817),,,7,,,,,,,,,,,7,,,,,,,,,,,,,,0,,,,,,,,,,,,,,0,,,1,,,,,,,,,,,1,8
Apodiformes_Peters_1940,,,,,,,,,,,,,,,,,,,,,,,,,,,,,,,,,,,,,,,,,,,,,,,,,,,,,,,,,
Trochilidae_Vigors_1825,,,,,,,,,,,,,,,,,,,,,,,,,,,,,,,,,,,,,,,,,,,,,,,,,,,,,,,,,
Phaethornithinae_Jardine_1833,,,,,,,,,,,,,,,,,,,,,,,,,,,,,,,,,,,,,,,,,,,,,,,,,,,,,,,,,
Phaethornis_Swainson_1827,,,,,,,,,,,,,,,,,,,,,,,,,,,,,,,,,,,,,,,,,,,,,,,,,,,,,,,,,
Phaethornis_pretrei_(Lesson_&_Delattre_1839),,,,,,,,,,,,,,0,,,,,,,,,,,,,1,1,,,,,,,,,,,,,,0,,,,,,,,,,,,,,0,1
Polytminae_Reichenbach_1849,,,,,,,,,,,,,,,,,,,,,,,,,,,,,,,,,,,,,,,,,,,,,,,,,,,,,,,,,
Colibri_Spix_1824,,,,,,,,,,,,,,,,,,,,,,,,,,,,,,,,,,,,,,,,,,,,,,,,,,,,,,,,,
Colibri_serrirostris_(Vieillot_1816),,,,,,,,,,,,,,0,,,,,,,,,,,,,,0,,,,,,,,,,,1,,,1,,,,,,,,,,,,,,0,1
Trochilinae_Vigors_1825,,,,,,,,,,,,,,,,,,,,,,,,,,,,,,,,,,,,,,,,,,,,,,,,,,,,,,,,,
Eupetomena_Gould_1853,,,,,,,,,,,,,,,,,,,,,,,,,,,,,,,,,,,,,,,,,,,,,,,,,,,,,,,,,
Eupetomena_macroura_(Gmelin_1788),,,,,,,,,,,,,,0,,,,,,,1,,,,,,,1,,1,,,,,,,,,,,,1,,,,,,,,,,,,,,0,2
Chionomesa_Simon_1921,,,,,,,,,,,,,,,,,,,,,,,,,,,,,,,,,,,,,,,,,,,,,,,,,,,,,,,,,
Chionomesa_fimbriata_(Gmelin_1788),,1,,,,,,,1,,,,,2,,1,,,2,,2,,,,,,,5,,2,,,,,,,,,,,,2,,,,,,,,,,,,,,0,9
Chionomesa_lactea_(Lesson_1832),,,,,,,,,,,,,,0,,,,,,,,,,,,,,0,,,,,,,,,,,,,,0,,,,,,,,,,,,,,0,0
Gruiformes_Bonaparte_1854,,,,,,,,,,,,,,0,,,,,,,,,,,,,,0,,,,,,,,,,,,,,0,,,,,,,,,,,,,,0,0
Aramidae_Bonaparte_1852,,,,,,,,,,,,,,,,,,,,,,,,,,,,,,,,,,,,,,,,,,,,,,,,,,,,,,,,,
Aramus_Vieillot_1816,,,,,,,,,,,,,,,,,,,,,,,,,,,,,,,,,,,,,,,,,,,,,,,,,,,,,,,,,
Aramus_guarauna_(Linnaeus_1766),,1,,,,,,,,,,,,1,,,,,,,,,,,,,1,1,,,,,,,,,,,,,,0,,,,,,,,,,,,,,0,2
Rallidae_Rafinesque_1815,,,,,,,,,,,,,,,,,,,,,,,,,,,,,,,,,,,,,,,,,,,,,,,,,,,,,,,,,
Porphyrio_Brisson_1760,,,,,,,,,,,,,,,,,,,,,,,,,,,,,,,,,,,,,,,,,,,,,,,,,,,,,,,,,
Porphyrio_martinica_(Linnaeus_1766),,,,,,,,,,,,,,0,,,,,,,,,,,,,,0,,,,,,,,,,,1,,,1,,,,,,,,,,,2,,,2,3
Mustelirallus_Bonaparte_1856,,,,,,,,,,,,,,,,,,,,,,,,,,,,,,,,,,,,,,,,,,,,,,,,,,,,,,,,,
Mustelirallus_albicollis_(Vieillot_1819),,,,,,,,,1,,,,,1,,,,,,,,,,,,,,0,,,,,,,,,,,,,,0,,,,,,,,,,,,,,0,1
Aramides_Pucheran_1845,,,,,,,,,,,,,,,,,,,,,,,,,,,,,,,,,,,,,,,,,,,,,,,,,,,,,,,,,
Aramides_cajaneus_(Statius_Muller_1776),,1,,,,,1,,,,3,,,5,,10,,,,,,,,,,,3,13,,,,,,,,,,,3,0,2,5,,,,,,,,,,,,,,0,23
Aramides_saracura_(Spix_1825),,,,,,,,,,,,2,,2,,,,,,,,,,,,,,0,,,,,,,,,,,,,,0,,,,,,,,,,,,,,0,2
Gallinula_Brisson_1760,,,,,,,,,,,,,,,,,,,,,,,,,,,,,,,,,,,,,,,,,,,,,,,,,,,,,,,,,
Gallinula_galeata_(Lichtenstein_1818),,,,,,,,,,,,,,0,,,,,,,,,,,,,,0,,,,,,,,,,,,,,0,,,,,,,,1,,,2,,,3,3
Charadriiformes_Huxley_1867,,,,,,,,,,,,,,,,,,,,,,,,,,,,,,,,,,,,,,,,,,,,,,,,,,,,,,,,,
Charadriidae_Leach_1820,,,,,,,,,,,,,,,,,,,,,,,,,,,,,,,,,,,,,,,,,,,,,,,,,,,,,,,,,
Vanellus_Brisson_1760,,,,,,,,,,,,,,,,,,,,,,,,,,,,,,,,,,,,,,,,,,,,,,,,,,,,,,,,,
Vanellus_cayanus_(Latham_1790),,1,37,,,,,4,,2,,5,,49,,,3,,,,,,,,,,,3,,,3,,,,,1,,,2,,,6,,,,,,,,,,,,,,0,58
Vanellus_chilensis_(Molina_1782),1,1,49,,,,2,,,,4,3,6,66,,2,13,,,,12,5,4,11,,,12,59,2,3,25,,,,,6,4,2,2,0,10,54,2,,23,,,,,4,,3,3,,,35,214
Charadrius_Linnaeus_1758,,,,,,,,,,,,,,,,,,,,,,,,,,,,,,,,,,,,,,,,,,,,,,,,,,,,,,,,,
Charadrius_collaris_Vieillot_1818,,2,83,,,,,5,,,3,13,,106,,3,5,,,,,5,,,,,,13,,,5,,,,,1,,,,,,6,,,,,,,,,,,,,,0,125
Recurvirostridae_Bonaparte_1831,,,,,,,,,,,,,,,,,,,,,,,,,,,,,,,,,,,,,,,,,,,,,,,,,,,,,,,,,
Himantopus_Brisson_1760,,,,,,,,,,,,,,,,,,,,,,,,,,,,,,,,,,,,,,,,,,,,,,,,,,,,,,,,,
Himantopus_mexicanus_(Statius_Muller_1776),,,3,,,,,,,,,3,1,7,,,,,,,,,,5,,,,5,,,,,,,,,,,,,,0,,,,,,,,,,,,,,0,12
Himantopus_melanurus_Vieillot_1817,,1,19,,,,,,,8,,13,1,42,,,,,,,,,,41,,,5,46,,,27,,,,,,,,,,,27,,,10,,,,,,,,,,,10,125
Scolopacidae_Rafinesque_1815,,,,,,,,,,,,,,,,,,,,,,,,,,,,,,,,,,,,,,,,,,,,,,,,,,,,,,,,,
Tringinae_Rafinesque_1815,,,,,,,,,,,,,,,,,,,,,,,,,,,,,,,,,,,,,,,,,,,,,,,,,,,,,,,,,
Tringa_Linnaeus_1758,,,,,,,,,,,,,,,,,,,,,,,,,,,,,,,,,,,,,,,,,,,,,,,,,,,,,,,,,
Tringa_solitaria_Wilson_1813,,,,,,,,,,,,,,0,,,,,,,,,,,,,,0,,,1,,,,,2,,,,,,3,,,1,,,,,,,,,,,1,4
Tringa_melanoleuca_(Gmelin_1789),,,,,,,,,,,,,,0,,,,,,,,,,,,,,0,,,1,,,,,,,,,,,1,,,2,,,,,,,,,,,2,3
Tringa_flavipes_(Gmelin_1789),,,68,,,,,,,,,,,68,,,,,,,,,,,,,,0,,,5,,,,,,,,,,,5,,,1,,,,,,,,,,,1,74
Jacanidae_Chenu_&_Des_Murs_1854,,,,,,,,,,,,,,,,,,,,,,,,,,,,,,,,,,,,,,,,,,,,,,,,,,,,,,,,,
Jacana_Brisson_1760,,,,,,,,,,,,,,,,,,,,,,,,,,,,,,,,,,,,,,,,,,,,,,,,,,,,,,,,,
Jacana_jacana_(Linnaeus_1766),,,2,,,,,,,3,1,,10,16,,1,,,,,,2,,11,7,,10,31,,,18,,,2,,2,,3,15,0,5,45,,,4,,,,,,,,11,,,15,107
Laridae_Rafinesque_1815,,,,,,,,,,,,,,,,,,,,,,,,,,,,,,,,,,,,,,,,,,,,,,,,,,,,,,,,,
Rynchopinae_Bonaparte_1838,,,,,,,,,,,,,,,,,,,,,,,,,,,,,,,,,,,,,,,,,,,,,,,,,,,,,,,,,
Rynchops_Linnaeus_1758,,,,,,,,,,,,,,,,,,,,,,,,,,,,,,,,,,,,,,,,,,,,,,,,,,,,,,,,,
Rynchops_niger_Linnaeus_1758,,,294,5,,,,62,,63,1,16,,441,,,,,,,,10,,1,,,,11,,,2,,,,,,,,,,,2,,,,,,,,,,,,,,0,454
Sterninae_Vigors_1825,,,,,,,,,,,,,,,,,,,,,,,,,,,,,,,,,,,,,,,,,,,,,,,,,,,,,,,,,
Sternula_Boie_1822,,,,,,,,,,,,,,,,,,,,,,,,,,,,,,,,,,,,,,,,,,,,,,,,,,,,,,,,,
Sternula_superciliaris_(Vieillot_1819),,,75,,,2,,2,3,39,,,,121,,1,,,,,1,1,,,5,,,8,,1,3,,1,,,,,,1,,,6,,1,1,4,,,,,,2,14,,,22,157
Phaetusa_Wagler_1832,,,,,,,,,,,,,,,,,,,,,,,,,,,,,,,,,,,,,,,,,,,,,,,,,,,,,,,,,
Phaetusa_simplex_(Gmelin_1789),,,267,1,,,3,24,10,75,2,72,1,455,,6,,,,,,5,,16,3,,,30,,,68,5,,,,7,,,,,,80,,,,,,,,1,,,,,,1,566
Eurypygiformes_Fürbringer_1888,,,,,,,,,,,,,,,,,,,,,,,,,,,,,,,,,,,,,,,,,,,,,,,,,,,,,,,,,
Eurypygidae_Selby_1840,,,,,,,,,,,,,,,,,,,,,,,,,,,,,,,,,,,,,,,,,,,,,,,,,,,,,,,,,
Eurypyga_Illiger_1811,,,,,,,,,,,,,,,,,,,,,,,,,,,,,,,,,,,,,,,,,,,,,,,,,,,,,,,,,
Eurypyga_helias_(Pallas_1781),,,,,,,,,,,,,,0,,,,,,,,1,,,2,,,3,,,,,,,,,,,,,,0,,,,,,,,,,,,,,0,3
Ciconiiformes_Bonaparte_1854,,,,,,,,,,,,,,,,,,,,,,,,,,,,,,,,,,,,,,,,,,,,,,,,,,,,,,,,,
Ciconiidae_Sundevall_1836,,,,,,,,,,,,,,,,,,,,,,,,,,,,,,,,,,,,,,,,,,,,,,,,,,,,,,,,,
Ciconia_Brisson_1760,,,,,,,,,,,,,,,,,,,,,,,,,,,,,,,,,,,,,,,,,,,,,,,,,,,,,,,,,
Ciconia_maguari_(Gmelin_1789),,,,,,,,,,,,,3,3,,,,,,,,,,,,,7,7,,,,,,,,,,,,,,0,,,,,,,,,,,,,,0,10
Jabiru_Hellmayr_1906,,,,,,,,,,,,,,,,,,,,,,,,,,,,,,,,,,,,,,,,,,,,,,,,,,,,,,,,,
Jabiru_mycteria_(Lichtenstein_1819),,2,,1,,,1,,,,1,,,5,,,3,,,,,,2,,,,5,10,,,2,,,,,,,2,,0,1,5,,,,,,,,,,,,,,0,20
Mycteria_Linnaeus_1758,,,,,,,,,,,,,,,,,,,,,,,,,,,,,,,,,,,,,,,,,,,,,,,,,,,,,,,,,
Mycteria_americana_Linnaeus_1758,,,,,,,3,4,2,,,18,,27,96,1,,2,2,7,,,,,,,,108,1,,1,,,,1,,,,2,,,5,,,,,,,,,,,,,,0,140
Suliformes_Sharpe_1891,,,,,,,,,,,,,,,,,,,,,,,,,,,,,,,,,,,,,,,,,,,,,,,,,,,,,,,,,
Anhingidae_Reichenbach_1849,,,,,,,,,,,,,,,,,,,,,,,,,,,,,,,,,,,,,,,,,,,,,,,,,,,,,,,,,
Anhinga_Brisson_1760,,,,,,,,,,,,,,,,,,,,,,,,,,,,,,,,,,,,,,,,,,,,,,,,,,,,,,,,,
Anhinga_anhinga_(Linnaeus_1766),,,,7,2,2,4,3,19,,3,31,1,72,,2,,,1,6,2,8,4,,,,1,24,,,,,2,2,5,3,3,4,4,2,,25,,,,,,3,1,1,2,,2,,,9,130
Phalacrocoracidae_Reichenbach_1849,,,,,,,,,,,,,,,,,,,,,,,,,,,,,,,,,,,,,,,,,,,,,,,,,,,,,,,,,
Nannopterum_Sharpe_1899,,,,,,,,,,,,,,,,,,,,,,,,,,,,,,,,,,,,,,,,,,,,,,,,,,,,,,,,,
Nannopterum_brasilianum_(Gmelin_1789),,1,14,7,20,2,6,7,6,211,16,103,1,394,,2,,,,,21,3,5,4,9,,2,46,,,2,2,,,3,1,,13,3,15,,39,,,13,,,2,5,1,7,1,13,6,,48,527
Pelecaniformes_Sharpe_1891,,,,,,,,,,,,,,,,,,,,,,,,,,,,,,,,,,,,,,,,,,,,,,,,,,,,,,,,,
Ardeidae_Leach_1820,,,,,,,,,,,,,,,,,,,,,,,,,,,,,,,,,,,,,,,,,,,,,,,,,,,,,,,,,
Tigrisoma_Swainson_1827,,,,,,,,,,,,,,,,,,,,,,,,,,,,,,,,,,,,,,,,,,,,,,,,,,,,,,,,,
Tigrisoma_lineatum_(Boddaert_1783),,,,,1,,,,1,,6,15,1,24,,,,,,,2,1,,,5,,1,9,,,,,,,1,,1,1,3,2,,8,,,,,,,,,,1,6,,,7,48
Cochlearius_Brisson_1760,,,,,,,,,,,,,,,,,,,,,,,,,,,,,,,,,,,,,,,,,,,,,,,,,,,,,,,,,
Cochlearius_cochlearius_(Linnaeus_1766),,,,,,,,5,,,,,,5,,,,,,,,,,,,,,0,,,,,,,6,,,,,,,6,,,,,,,,,,,,,,0,11
Botaurus_Stephens_1819,,,,,,,,,,,,,,,,,,,,,,,,,,,,,,,,,,,,,,,,,,,,,,,,,,,,,,,,,
Botaurus_pinnatus_(Wagler_1829),,,,,,,,,,,,,,0,,,,,,,,,,,,,,0,,,,,,,1,,,,,,,1,,,,,,,,,,,,,,0,1
Nycticorax_Forster_1817,,,,,,,,,,,,,,,,,,,,,,,,,,,,,,,,,,,,,,,,,,,,,,,,,,,,,,,,,
Nycticorax_nycticorax_(Linnaeus_1758),,,,,,,22,,1,,,17,,40,,,,2,,,,6,,,,,,8,,,,,,,,,,,,,,0,,,,,,,,,,,,,,0,48
Butorides_Blyth_1852,,,,,,,,,,,,,,,,,,,,,,,,,,,,,,,,,,,,,,,,,,,,,,,,,,,,,,,,,
Butorides_striata_(Linnaeus_1758),,,,,,,1,,8,,12,65,,86,,,,1,2,1,3,7,6,,7,,,27,,,,,,,2,1,3,,6,3,,15,,,,1,1,1,1,,3,,10,,,17,145
Bubulcus_Bonaparte_1855,,,,,,,,,,,,,,,,,,,,,,,,,,,,,,,,,,,,,,,,,,,,,,,,,,,,,,,,,
Bubulcus_ibis_(Linnaeus_1758),,,,,,,,,2,,,,3,5,,,,,,,,1,,2,,,4,7,,,,,,,,,,,1,,,1,,,,,,,,,,,,,,0,13
Ardea_Linnaeus_1758,,,,,,,,,,,,,,,,,,,,,,,,,,,,,,,,,,,,,,,,,,,,,,,,,,,,,,,,,
Ardea_cocoi_Linnaeus_1766,,1,,5,6,2,11,1,6,4,9,35,2,82,,3,2,3,,9,12,8,3,7,4,,,51,,1,3,5,2,2,7,3,,18,15,2,2,60,,,1,2,1,,,2,,4,5,,8,23,216
Ardea_alba_Linnaeus_1758,,1,1,7,,1,12,8,4,6,3,40,1,84,,,,1,,,12,1,,1,,,1,16,,,4,3,,2,2,2,,5,1,1,1,21,,,53,,,3,1,2,3,1,7,,,70,191
Syrigma_Ridgway_1878,,,,,,,,,,,,,,,,,,,,,,,,,,,,,,,,,,,,,,,,,,,,,,,,,,,,,,,,,
Syrigma_sibilatrix_(Temminck_1824),,,3,,,,,1,,,,,,4,,,,,,,,,,,,,,0,,,,,,,,,,,,,,0,,,1,,,,,,,,,,,1,5
Pilherodius_Reichenbach_1853,,,,,,,,,,,,,,,,,,,,,,,,,,,,,,,,,,,,,,,,,,,,,,,,,,,,,,,,,
Pilherodius_pileatus_(Boddaert_1783),,,,,,,1,,,,,,,1,,,,,,,,,,,,,,0,,,,,,,,,,,1,,,1,,,,,,,,,,,,,,0,2
Egretta_Forster_1817,,,,,,,,,,,,,,,,,,,,,,,,,,,,,,,,,,,,,,,,,,,,,,,,,,,,,,,,,
Egretta_thula_(Molina_1782),,,1,3,2,3,2,,2,4,11,37,,65,,,,,,,,7,,1,,,,8,,,,,,,,,,5,1,,,6,,,3,,,,,2,1,15,,,,21,100
Egretta_caerulea_(Linnaeus_1758),,1,1,,,,,,4,1,2,,,9,,,,,,,,,,1,,,,1,,,,,,,,,,,1,,,1,,,,,,,,,,,,,,0,11
Threskiornithidae_Poche_1904,,,,,,,,,,,,,,,,,,,,,,,,,,,,,,,,,,,,,,,,,,,,,,,,,,,,,,,,,
Plegadis_Kaup_1829,,,,,,,,,,,,,,,,,,,,,,,,,,,,,,,,,,,,,,,,,,,,,,,,,,,,,,,,,
Plegadis_chihi_(Vieillot_1817),,,,,,,,,,,,,,0,,,,,,,,,,,,,,0,,,1,,,,,,,,,,,1,,,,,,,,,,,,,,0,1
Mesembrinibis_Peters_1930,,,,,,,,,,,,,,,,,,,,,,,,,,,,,,,,,,,,,,,,,,,,,,,,,,,,,,,,,
Mesembrinibis_cayennensis_(Gmelin_1789),,,6,,,,,,,,,,1,7,,,,,,,76,1,,,,,15,92,,,3,,,,,3,1,1,1,,,9,,,,,,,,,,,3,,,3,111
Phimosus_Wagler_1832,,,,,,,,,,,,,,,,,,,,,,,,,,,,,,,,,,,,,,,,,,,,,,,,,,,,,,,,,
Phimosus_infuscatus_(Lichtenstein_1823),,,80,,,,1,,,3,,12,2,98,,,,,,,15,,,12,,,16,43,,,1,,,,3,,,,,,,4,,,,,,,,,,,1,,,1,146
Theristicus_Wagler_1832,,,,,,,,,,,,,,,,,,,,,,,,,,,,,,,,,,,,,,,,,,,,,,,,,,,,,,,,,
Theristicus_caerulescens_(Vieillot_1817),,,,,,,,,,,,,,0,,,,,,,,,,,,,2,2,,,,,,,,,,,,,,0,,,,,,,,1,,,,,,1,3
Theristicus_caudatus_(Boddaert_1783),,3,14,,,,7,1,,2,,,2,29,1,2,2,,,,6,,,4,,,2,17,2,,,,,,,,,,2,,2,6,,,12,,,,4,,,,,,,16,68
Platalea_Linnaeus_1758,,,,,,,,,,,,,,,,,,,,,,,,,,,,,,,,,,,,,,,,,,,,,,,,,,,,,,,,,
Platalea_ajaja_Linnaeus_1758,,,7,,,,1,,2,,2,32,,44,,,,,,,34,,,,,,,34,,,44,,,,,,,,,,1,45,,,,,,,,,,,,,,0,123
Cathartiformes_Seebohm_1890,,,,,,,,,,,,,,,,,,,,,,,,,,,,,,,,,,,,,,,,,,,,,,,,,,,,,,,,,
Cathartidae_Lafresnaye_1839,,,,,,,,,,,,,,,,,,,,,,,,,,,,,,,,,,,,,,,,,,,,,,,,,,,,,,,,,
Coragyps_Le_Maout_1853,,,,,,,,,,,,,,,,,,,,,,,,,,,,,,,,,,,,,,,,,,,,,,,,,,,,,,,,,
Coragyps_atratus_(Bechstein_1793),,2,1,3,,2,42,44,10,3,16,,103,226,,2,41,,3,9,51,97,4,,,,6,213,1,,4,,5,14,2,4,3,,31,,2,66,,,,4,2,93,6,14,5,,3,,12,139,644
Cathartes_Illiger_1811,,,,,,,,,,,,,,,,,,,,,,,,,,,,,,,,,,,,,,,,,,,,,,,,,,,,,,,,,
Cathartes_aura_(Linnaeus_1758),,,,,,,,,1,,7,,,8,,1,,,,,1,,,,1,,5,8,,,,,,,,1,,1,,,,2,,,,,,4,,,,,1,,,5,23
Cathartes_burrovianus_Cassin_1845,,2,,,,,2,,2,,,,,6,,,,,,,2,1,,,,,1,4,,,,,,,,,2,1,10,,1,14,,,,,1,2,,,,,,,,3,27
Accipitriformes_Bonaparte_1831,,,,,,,,,,,,,,,,,,,,,,,,,,,,,,,,,,,,,,,,,,,,,,,,,,,,,,,,,
Pandionidae_Bonaparte_1854,,,,,,,,,,,,,,,,,,,,,,,,,,,,,,,,,,,,,,,,,,,,,,,,,,,,,,,,,
Pandion_Savigny_1809,,,,,,,,,,,,,,,,,,,,,,,,,,,,,,,,,,,,,,,,,,,,,,,,,,,,,,,,,
Pandion_haliaetus_(Linnaeus_1758),,,,,,,,1,,,,,,1,,,,,,,,3,,,1,,,4,,,,1,,,,,,1,,,,2,,,,,,,,,,,,,,0,7
Accipitridae_Vigors_1824,,,,,,,,,,,,,,,,,,,,,,,,,,,,,,,,,,,,,,,,,,,,,,,,,,,,,,,,,
Accipitrininae_Vigors_1824,,,,,,,,,,,,,,,,,,,,,,,,,,,,,,,,,,,,,,,,,,,,,,,,,,,,,,,,,
Busarellus_Lesson_1843,,,,,,,,,,,,,,,,,,,,,,,,,,,,,,,,,,,,,,,,,,,,,,,,,,,,,,,,,
Busarellus_nigricollis_(Latham_1790),,,,,,,,,,,2,1,1,4,,,,,,,1,,1,,2,,,4,1,,,,,,,1,,,3,,1,6,,,,1,,,1,,,,4,,,6,20
Rostrhamus_Lesson_1830,,,,,,,,,,,,,,,,,,,,,,,,,,,,,,,,,,,,,,,,,,,,,,,,,,,,,,,,,
Rostrhamus_sociabilis_(Vieillot_1817),,1,,,,,2,,3,,,2,1,9,,,,,,,,,,,,,,0,,,,,,1,,,2,,,,,3,,,,,,,,,,,,,,0,12
Harpagus_Vigors_1824,,,,,,,,,,,,,,,,,,,,,,,,,,,,,,,,,,,,,,,,,,,,,,,,,,,,,,,,,
Harpagus_diodon_(Temminck_1823),,,,,,,,2,,,,,,2,,,,,,,,,,,,,,0,,,,,,,,,,,,,,0,,,,,,,,,,,,,,0,2
Circus_Lacepède_1799,,,,,,,,,,,,,,,,,,,,,,,,,,,,,,,,,,,,,,,,,,,,,,,,,,,,,,,,,
Circus_buffoni_(Gmelin_1788),,1,,,,,,,,,,,,1,,,,,,,,,,,,,,0,,,,,,,,,1,,,,,1,,,,,,,,,,,,,,0,2
Geranospiza_Kaup_1847,,,,,,,,,,,,,,,,,,,,,,,,,,,,,,,,,,,,,,,,,,,,,,,,,,,,,,,,,
Geranospiza_caerulescens_(Vieillot_1817),,,,,,,,,,,,,,0,,,,,,,,,,1,,,,1,,,,,,,,,,,,,,0,,,,,,,,,,,,,,0,1
Heterospizias_Sharpe_1874,,,,,,,,,,,,,,,,,,,,,,,,,,,,,,,,,,,,,,,,,,,,,,,,,,,,,,,,,
Heterospizias_meridionalis_(Latham_1790),,,,,,,,,,,,,,0,,,,,,,,1,,,,,,1,,,,,,,,,,,,,,0,,,,,,,,,,,,,,0,1
Urubitinga_Lafresnaye_1842,,,,,,,,,,,,,,,,,,,,,,,,,,,,,,,,,,,,,,,,,,,,,,,,,,,,,,,,,
Urubitinga_urubitinga_(Gmelin_1788),,,,,,,1,,,,,,,1,,,,,,2,,,,,,,,2,,,,,,1,,,1,,,,,2,,,,,,,,,,,,,,0,5
Rupornis_Kaup_1844,,,,,,,,,,,,,,,,,,,,,,,,,,,,,,,,,,,,,,,,,,,,,,,,,,,,,,,,,
Rupornis_magnirostris_(Gmelin_1788),,,,,1,,,1,,,,,,2,1,,,,,,,,,,,,,1,,,,,2,1,1,1,2,,,,1,8,,,,,,,1,,,,,,,1,12
Parabuteo_Ridgway_1874,,,,,,,,,,,,,,,,,,,,,,,,,,,,,,,,,,,,,,,,,,,,,,,,,,,,,,,,,
Parabuteo_unicinctus_(Temminck_1824),,,,,,,,1,,,,,,1,,,,,,,,,,,,,,0,,,,,,,1,,,,,,1,2,,,,,,,,,,,,,,0,3
Strigiformes_Wagler_1830,,,,,,,,,,,,,,,,,,,,,,,,,,,,,,,,,,,,,,,,,,,,,,,,,,,,,,,,,
Strigidae_Leach_1820,,,,,,,,,,,,,,,,,,,,,,,,,,,,,,,,,,,,,,,,,,,,,,,,,,,,,,,,,
Athene_Boie_1822,,,,,,,,,,,,,,,,,,,,,,,,,,,,,,,,,,,,,,,,,,,,,,,,,,,,,,,,,
Athene_cunicularia_(Molina_1782),2,,2,,,,,,,,,,,4,2,,10,,,,,,,,,,,12,,,4,,,,,,,,,,,4,,,4,,,,,,,,,,,4,24
Coraciiformes_Forbes_1844,,,,,,,,,,,,,,0,,,,,,,,,,,,,,0,,,,,,,,,,,,,,0,,,,,,,,,,,,,,,
Alcedinidae_Rafinesque_1815,,,,,,,,,,,,,,,,,,,,,,,,,,,,,,,,,,,,,,,,,,,,,,,,,,,,,,,,,
Megaceryle_Kaup_1848,,,,,,,,,,,,,,,,,,,,,,,,,,,,,,,,,,,,,,,,,,,,,,,,,,,,,,,,,
Megaceryle_torquata_(Linnaeus_1766),,1,,,,1,3,3,6,1,11,4,1,31,,,,,2,2,2,5,,1,14,,,26,,,,,2,,3,,2,1,7,,1,16,,,,,,,,1,,,6,,,7,80
Chloroceryle_Kaup_1848,,,,,,,,,,,,,,,,,,,,,,,,,,,,,,,,,,,,,,,,,,,,,,,,,,,,,,,,,
Chloroceryle_amazona_(Latham_1790),,1,,3,,,1,,7,,7,5,,24,,,,,,,1,1,1,,8,,1,12,,,,,,,,1,3,,6,,,10,,,,,,,,,1,,5,,,6,52
Chloroceryle_aenea_(Pallas_1764),,,,,,,,,,,,,,0,,,,,,,,,,,,,,0,,,,,,,,,,,1,,,1,,,,,,,,,,,,,,0,1
Chloroceryle_americana_(Gmelin_1788),,,,,,,,,1,,1,,,2,,,,,,1,,,,,2,,,3,,,,,,,1,,,,,,,1,,,,,,,,,,,,,,0,6
Galbuliformes_Fürbringer_1888,,,,,,,,,,,,,,,,,,,,,,,,,,,,,,,,,,,,,,,,,,,,,,,,,,,,,,,,,
Galbulidae_Vigors_1825,,,,,,,,,,,,,,,,,,,,,,,,,,,,,,,,,,,,,,,,,,,,,,,,,,,,,,,,,
Galbula_Brisson_1760,,,,,,,,,,,,,,,,,,,,,,,,,,,,,,,,,,,,,,,,,,,,,,,,,,,,,,,,,
Galbula_ruficauda_Cuvier_1816,,1,,,,,,,2,,,,,3,,,,,2,,,3,,,,,,5,,1,,,,,,,,,,,,1,,,,,,,,,,,,,,0,9
Bucconidae_Horsfield_1821,,,,,,,,,,,,,,,,,,,,,,,,,,,,,,,,,,,,,,,,,,,,,,,,,,,,,,,,,
Bucconinae_Horsfield_1821,,,,,,,,,,,,,,,,,,,,,,,,,,,,,,,,,,,,,,,,,,,,,,,,,,,,,,,,,
Monasa_Vieillot_1816,,,,,,,,,,,,,,,,,,,,,,,,,,,,,,,,,,,,,,,,,,,,,,,,,,,,,,,,,
Monasa_nigrifrons_(Spix_1824),1,,,,,,,2,1,,,,,4,,,,,,,,,,,,,,0,,,,,,2,,,,,,,,2,,,,,,,,,,,,,,0,6
Piciformes_Meyer_&_Wolf_1810,,,,,,,,,,,,,,,,,,,,,,,,,,,,,,,,,,,,,,,,,,,,,,,,,,,,,,,,,
Ramphastidae_Vigors_1825,,,,,,,,,,,,,,,,,,,,,,,,,,,,,,,,,,,,,,,,,,,,,,,,,,,,,,,,,
Ramphastos_Linnaeus_1758,,,,,,,,,,,,,,,,,,,,,,,,,,,,,,,,,,,,,,,,,,,,,,,,,,,,,,,,,
Ramphastos_toco_Statius_Muller_1776,,,,,,,2,1,,,,,,3,,,,,,,,,,,,,,0,,,,,,,,2,,,1,,,3,,,,,,,,2,,,,,,2,8
Pteroglossus_Illiger_1811,,,,,,,,,,,,,,,,,,,,,,,,,,,,,,,,,,,,,,,,,,,,,,,,,,,,,,,,,
Pteroglossus_castanotis_Gould_1834,,,,,,3,,,,,,,,3,,,,,,,,,,,,,,0,,,,,,,,,,,,0,5,5,,,,,,,,,,,,,,0,8
Picidae_Leach_1820,,,,,,,,,,,,,,,,,,,,,,,,,,,,,,,,,,,,,,,,,,,,,,,,,,,,,,,,,
Picumninae_Gray_1840,,,,,,,,,,,,,,,,,,,,,,,,,,,,,,,,,,,,,,,,,,,,,,,,,,,,,,,,,
Picumnus_Temminck_1825,,,,,,,,,,,,,,,,,,,,,,,,,,,,,,,,,,,,,,,,,,,,,,,,,,,,,,,,,
Picumnus_pygmaeus_(Lichtenstein_1823),,,,,,,,,,,,,,0,,,,,,,,,,,,,1,1,,,,,,,,,,,,,,0,,,,,,,,,,,,,,0,1
Picinae_Leach_1820,,,,,,,,,,,,,,,,,,,,,,,,,,,,,,,,,,,,,,,,,,,,,,,,,,,,,,,,,
Melanerpes_Swainson_1832,,,,,,,,,,,,,,,,,,,,,,,,,,,,,,,,,,,,,,,,,,,,,,,,,,,,,,,,,
Melanerpes_candidus_(Otto_1796),,,,,,,,,,,,,,0,,,,,,,,,,,,,,0,,,,,,,,,,,,,,0,,,,,,1,,,,,,,,1,1
Melanerpes_cruentatus_(Boddaert_1783),,,,,,,,,,,,,,0,,,,,,,,,,,,,2,2,,,,,,,,,,,,,,0,,,,,,,,,,,,,,0,2
Veniliornis_Bonaparte_1854,,,,,,,,,,,,,,,,,,,,,,,,,,,,,,,,,,,,,,,,,,,,,,,,,,,,,,,,,
Veniliornis_passerinus_(Linnaeus_1766),,,,,,,,,,,,,,0,,1,,,,,,,,,,,,1,,1,,,,,,,,,,,1,2,,,,,,,,,,,,,,0,3
Campephilus_Gray_1840,,,,,,,,,,,,,,,,,,,,,,,,,,,,,,,,,,,,,,,,,,,,,,,,,,,,,,,,,
Campephilus_melanoleucos_(Gmelin_1788),,,,,,,,,,,,,,0,,,,,,,,,,,,,,0,,,,,,,,,,,,,2,2,,,,,,,,,,,,,2,2,4
Dryocopus_Boie_1826,,,,,,,,,,,,,,,,,,,,,,,,,,,,,,,,,,,,,,,,,,,,,,,,,,,,,,,,,
Dryocopus_lineatus_(Linnaeus_1766),,,,,,,,,,,,,2,2,,,,,,,,,,,,,,0,,,,,,,,,,,,,,0,,,,,,,,,,,,,,0,2
Piculus_Spix_1824,,,,,,,,,,,,,,,,,,,,,,,,,,,,,,,,,,,,,,,,,,,,,,,,,,,,,,,,,
Piculus_chrysochloros_(Vieillot_1818),,,,,,,,,,,,,,0,,,,,,,2,,,,,,,2,,,,,,,,,2,,,,,2,,,,,,,,,,,,,,0,4
Colaptes_Vigors_1825,,,,,,,,,,,,,,,,,,,,,,,,,,,,,,,,,,,,,,,,,,,,,,,,,,,,,,,,,
Colaptes_campestris_(Vieillot_1818),,,,,,,,,2,,,,,2,,,,,,,,,,,,,,0,,,,,,,,,,,,,2,2,,,,,,,,2,,,,,,2,6
Cariamiformes_Fürbringer_1888,,,,,,,,,,,,,,,,,,,,,,,,,,,,,,,,,,,,,,,,,,,,,,,,,,,,,,,,,
Cariamidae_Bonaparte_1850,,,,,,,,,,,,,,,,,,,,,,,,,,,,,,,,,,,,,,,,,,,,,,,,,,,,,,,,,
Cariama_Brisson_1760,,,,,,,,,,,,,,,,,,,,,,,,,,,,,,,,,,,,,,,,,,,,,,,,,,,,,,,,,
Cariama_cristata_(Linnaeus_1766),2,,,,,,,,,,,,,2,,,,,,,,,,,,,2,2,,,,,,,,,,,,,2,2,,,,,,,,,,,,,,0,6
Falconiformes_Bonaparte_1831,,,,,,,,,,,,,,,,,,,,,,,,,,,,,,,,,,,,,,,,,,,,,,,,,,,,,,,,,
Falconidae_Leach_1820,,,,,,,,,,,,,,,,,,,,,,,,,,,,,,,,,,,,,,,,,,,,,,,,,,,,,,,,,
Herpetotherinae_Lesson_1843,,,,,,,,,,,,,,,,,,,,,,,,,,,,,,,,,,,,,,,,,,,,,,,,,,,,,,,,,
Herpetotheres_Vieillot_1817,,,,,,,,,,,,,,,,,,,,,,,,,,,,,,,,,,,,,,,,,,,,,,,,,,,,,,,,,
Herpetotheres_cachinnans_(Linnaeus_1758),,,,,,,,,,,,,,0,,,1,,,,,,,,,,,1,,,,,,,,,,,,,,0,,,,,,,,,,,,,,0,1
Caracarinae_d'Orbigny_1837,,,,,,,,,,,,,,,,,,,,,,,,,,,,,,,,,,,,,,,,,,,,,,,,,,,,,,,,,
Caracara_Merrem_1826,,,,,,,,,,,,,,,,,,,,,,,,,,,,,,,,,,,,,,,,,,,,,,,,,,,,,,,,,
Caracara_plancus_(Miller_1777),1,1,,1,,,2,1,,,,,,6,,1,,1,,,,,,,1,,2,5,,,4,,,,1,4,,,,,14,23,,,,,,,,,,,,,,0,34
Milvago_Spix_1824,,,,,,,,,,,,,,,,,,,,,,,,,,,,,,,,,,,,,,,,,,,,,,,,,,,,,,,,,
Milvago_chimachima_(Vieillot_1816),,,,,,,,,,,4,,,4,,,,,,,,,,,,,,0,,,,,,,,,,,,,,0,,,,,,,,,,,,,,0,4
Psittaciformes_Wagler_1830,,,,,,,,,,,,,,,,,,,,,,,,,,,,,,,,,,,,,,,,,,,,,,,,,,,,,,,,,
Psittacidae_Rafinesque_1815,,,,,,,,,,,,,,,,,,,,,,,,,,,,,,,,,,,,,,,,,,,,,,,,,,,,,,,,,
Arinae_Gray_1840,,,,,,,,,,,,,,,,,,,,,,,,,,,,,,,,,,,,,,,,,,,,,,,,,,,,,,,,,
Myiopsitta_Bonaparte_1854,,,,,,,,,,,,,,,,,,,,,,,,,,,,,,,,,,,,,,,,,,,,,,,,,,,,,,,,,
Myiopsitta_monachus_(Boddaert_1783),,,,,,,5,,,,,,,5,,,3,,,,11,4,,,,,,18,,,,,,1,13,,7,,,,,21,,,,,,,5,1,,,3,,,9,53
Brotogeris_Vigors_1825,,,,,,,,,,,,,,,,,,,,,,,,,,,,,,,,,,,,,,,,,,,,,,,,,,,,,,,,,
Brotogeris_tirica_(Gmelin_1788),,,,,,,,,,,,,,0,,,3,,11,,,,,,,,,14,,,,,,,,,,,7,,,7,,,,,,,,,,,,,,0,21
Brotogeris_chiriri_(Vieillot_1818),,,,,,3,3,2,9,,,,23,40,,5,6,,,5,7,7,,,3,,,33,,,,,,21,12,,22,15,1,,6,77,,,,,,,,2,,,1,,,3,153
Pionus_Wagler_1832,,,,,,,,,,,,,,,,,,,,,,,,,,,,,,,,,,,,,,,,,,,,,,,,,,,,,,,,,
Pionus_maximiliani_(Kuhl_1820),,,,,,,,,,,,,,0,,,2,,,,1,,,3,,,,6,,,,,,,,,,,,2,,2,,,,,,,,,,,,,,0,8
Pionus_menstruus_(Linnaeus_1766),,,,,,,,,,,,,,0,,,3,,,,2,,,,,,,5,,,,,,,,,,,,,,0,,,,,,,,,,,,,,0,5
Alipiopsitta_Caparroz_&_Pacheco_2006,,,,,,,,,,,,,,,,,,,,,,,,,,,,,,,,,,,,,,,,,,,,,,,,,,,,,,,,,
Alipiopsitta_xanthops_(Spix_1824),3,,,,,,,,,,,,,3,,,,2,,,,,,,,,,2,,,,,,,,,,,,,,0,,,,,,,,,,,,,,0,5
Amazona_Lesson_1830,,,,,,,,,,,,,,,,,,,,,,,,,,,,,,,,,,,,,,,,,,,,,,,,,,,,,,,,,
Amazona_ochrocephala_(Gmelin_1788),,,,,,,,2,,,,,,2,,,32,,,,,,,,,,,32,,,,,,,,,,,,,,0,,,,,,,,,,,,,,0,34
Amazona_aestiva_(Linnaeus_1758),2,8,,,2,,,6,,,,,,18,,,121,2,,,,,,,,,2,125,,,,,,5,11,,,,,,,16,,,,,,,,,,,,,,0,159
Anodorhynchus_Spix_1824,,,,,,,,,,,,,,,,,,,,,,,,,,,,,,,,,,,,,,,,,,,,,,,,,,,,,,,,,
Anodorhynchus_hyacinthinus_(Latham_1790),,,,,,,,,,,,,,0,,,,,,,,,,,,,,0,,,,,,,2,,,,,,,2,,,,,,,,,,,,,,0,2
Eupsittula_Bonaparte_1853,,,,,,,,,,,,,,,,,,,,,,,,,,,,,,,,,,,,,,,,,,,,,,,,,,,,,,,,,
Eupsittula_aurea_(Gmelin_1788),,2,,,,,,50,,,5,13,,70,3,,,,,,5,,,,,,,8,,,,,,,,,15,,,,,15,,,,,,,2,,,,,,,2,95
Primolius_Bonaparte_1857,,,,,,,,,,,,,,,,,,,,,,,,,,,,,,,,,,,,,,,,,,,,,,,,,,,,,,,,,
Primolius_maracana_(Vieillot_1816),,,,,,,,,,,7,,,7,,,,,,,,,,,,,,0,,,,,1,2,,19,10,,,,,32,,,,,,,,,,,1,,,1,40
Primolius_auricollis_(Cassin_1853),,2,,,,,,,,,2,,,4,,2,,,,,,,,,,,,2,,,,,2,22,,,4,,40,,,68,,,,,,,,2,,,3,,,5,79
Ara_Lacepède_1799,,,,,,,,,,,,,,,,,,,,,,,,,,,,,,,,,,,,,,,,,,,,,,,,,,,,,,,,,
Ara_ararauna_(Linnaeus_1758),,,,,,,,,,,,,5,5,,,,,,,,,,,,,4,4,,,2,,,1,,,,,,,,3,,,6,,,,,,,,,,,6,18
Psittacara_Vigors_1825,,,,,,,,,,,,,,,,,,,,,,,,,,,,,,,,,,,,,,,,,,,,,,,,,,,,,,,,,
Psittacara_leucophthalmus_(Statius_Muller_1776),,,,,,,,,,,,,13,13,,,12,,,,,,,,,,,12,,,,,,,,2,,,6,,,8,,,,,,,,,,,,,,0,33
Passeriformes_Linnaeus_1758,,,,,,,,,,,,,,,,,,,,,,,,,,,,,,,,,,,,,,,,,,,,,,,,,,,,,,,,,
Thamnophilidae_Swainson_1824,,,,,,,,,,,,,,,,,,,,,,,,,,,,,,,,,,,,,,,,,,,,,,,,,,,,,,,,,
Thamnophilinae_Swainson_1824,,,,,,,,,,,,,,,,,,,,,,,,,,,,,,,,,,,,,,,,,,,,,,,,,,,,,,,,,
Thamnophilus_Vieillot_1816,,,,,,,,,,,,,,,,,,,,,,,,,,,,,,,,,,,,,,,,,,,,,,,,,,,,,,,,,
Thamnophilus_doliatus_(Linnaeus_1764),,,,,,,,,,,2,,,2,,2,,,,,,,,,,,,2,,2,,,,,,,,,,0,2,4,,,,,,,,,,,,,,0,8
Taraba_Lesson_1831,,,,,,,,,,,,,,,,,,,,,,,,,,,,,,,,,,,,,,,,,,,,,,,,,,,,,,,,,
Taraba_major_(Vieillot_1816),,,,,,,,,2,,,,,2,,,,,,,,2,,,,,,2,,2,,,,,,,,,,,2,4,,,,,,,2,,,,,,2,4,12
Hypocnemoides_Bangs_&_Penard_1918,,,,,,,,,,,,,,,,,,,,,,,,,,,,,,,,,,,,,,,,,,,,,,,,,,,,,,,,,
Hypocnemoides_maculicauda_(Pelzeln_1868),,2,,,,,,,,,,,,2,,,,,,,,,,,,,,0,,,,,,,,,,,,,,0,,,,,,,,,,,,,,0,2
Cercomacra_Sclater_1858,,,,,,,,,,,,,,,,,,,,,,,,,,,,,,,,,,,,,,,,,,,,,,,,,,,,,,,,,
Cercomacra_melanaria_(Menetries_1835),,1,,,,,,,1,,,,,2,,1,,,1,,,2,,,2,,,6,,2,,,,,,,,,,0,9,11,,,1,,,,,,1,,,,,2,21
Dendrocolaptidae_Gray_1840,,,,,,,,,,,,,,,,,,,,,,,,,,,,,,,,,,,,,,,,,,,,,,,,,,,,,,,,,
Sittasominae_Ridgway_1911,,,,,,,,,,,,,,,,,,,,,,,,,,,,,,,,,,,,,,,,,,,,,,,,,,,,,,,,,
Sittasomus_Swainson_1827,,,,,,,,,,,,,,,,,,,,,,,,,,,,,,,,,,,,,,,,,,,,,,,,,,,,,,,,,
Sittasomus_griseicapillus_(Vieillot_1818),,,,,,,,,,,,,,0,,,,,,,,,,,,,,0,,,,,,,,1,,,1,0,2,4,,,,,,,,,,,,,,0,4
Dendrocolaptinae_Gray_1840,,,,,,,,,,,,,,,,,,,,,,,,,,,,,,,,,,,,,,,,,,,,,,,,,,,,,,,,,
Dendrocolaptes_Hermann_1804,,,,,,,,,,,,,,,,,,,,,,,,,,,,,,,,,,,,,,,,,,,,,,,,,,,,,,,,,
Dendrocolaptes_platyrostris_Spix_1825,,,,,,,,,,,,,,0,,,,,,,,,,,,,,0,,,,,,,,,,,1,,,1,,,,,,,,,,,,,,0,1
Dendroplex_Swainson_1827,,,,,,,,,,,,,,,,,,,,,,,,,,,,,,,,,,,,,,,,,,,,,,,,,,,,,,,,,
Dendroplex_picus_(Gmelin_1788),0,1,,,,,,,,,,,,1,,,,,,,,,,,,,,0,,,,,,,,,,,,,,0,,,,,,,,,,,,,,0,1
Furnariidae_Gray_1840,,,,,,,,,,,,,,,,,,,,,,,,,,,,,,,,,,,,,,,,,,,,,,,,,,,,,,,,,
Furnariinae_Gray_1840,,,,,,,,,,,,,,,,,,,,,,,,,,,,,,,,,,,,,,,,,,,,,,,,,,,,,,,,,
Furnarius_Vieillot_1816,,,,,,,,,,,,,,,,,,,,,,,,,,,,,,,,,,,,,,,,,,,,,,,,,,,,,,,,,
Furnarius_leucopus_Swainson_1838,,,,,,2,,,5,,4,,2,13,,1,,,1,,3,1,,,1,,2,9,,15,11,,,,,1,,,2,0,1,30,,,,,,,2,,1,,2,,,5,57
Furnarius_rufus_(Gmelin_1788),1,3,,,,2,1,,6,,,,5,18,5,6,3,,2,,8,1,7,,,,5,37,2,4,,,,6,,4,2,,2,0,9,29,,,2,,,2,3,1,3,,,,,11,95
Synallaxiinae_De_Selys_Longchamps_1839,,,,,,,,,,,,,,,,,,,,,,,,,,,,,,,,,,,,,,,,,,,,,,,,,,,,,,,,,
Phacellodomus_Reichenbach_1853,,,,,,,,,,,,,,,,,,,,,,,,,,,,,,,,,,,,,,,,,,,,,,,,,,,,,,,,,
Phacellodomus_rufifrons_(Wied_1821),,1,,,,,,,,,,,,1,,,,,,,,,,,,,,0,,,,,,,,,,,,,,0,,,,,,,,,,,,,,0,1
Phacellodomus_ruber_(Vieillot_1817),,,,,,,,,1,,,,,1,,2,3,,,,,,,,,,,5,,3,,,,,,,,,,0,2,5,,,,,,,,,,,,,,0,11
Cranioleuca_Reichenbach_1853,,,,,,,,,,,,,,,,,,,,,,,,,,,,,,,,,,,,,,,,,,,,,,,,,,,,,,,,,
Cranioleuca_vulpina_(Pelzeln_1856),,,,,3,,,,4,,4,,,11,,,,2,,,,,3,,1,,,6,,,,,1,,,,,,5,,3,9,,,,,3,,,,4,,,,2,9,35
Pseudoseisura_Reichenbach_1853,,,,,,,,,,,,,,,,,,,,,,,,,,,,,,,,,,,,,,,,,,,,,,,,,,,,,,,,,
Pseudoseisura_unirufa_(d'Orbigny_&_Lafresnaye_1838),,4,,,,,1,,,3,1,,5,14,,3,4,,,,2,1,,,,,,10,,4,,,,,,,,,,,,4,,1,,,,,,,2,,,,,3,31
Certhiaxis_Lesson_1844,,,,,,,,,,,,,,,,,,,,,,,,,,,,,,,,,,,,,,,,,,,,,,,,,,,,,,,,,
Certhiaxis_cinnamomeus_(Gmelin_1788),,1,,,,,,,,,,,,1,,,,,5,2,,,,,11,1,1,20,,,,,,,,,,,,,,0,,,,,,1,,,,,1,,,2,23
Synallaxis_Vieillot_1818,,,,,,,,,,,,,,,,,,,,,,,,,,,,,,,,,,,,,,,,,,,,,,,,,,,,,,,,,
Synallaxis_albilora_Pelzeln_1856,,,,,,,,,,,,,,0,,,,,,,,,,,,,,0,,,,,,2,2,0,4,,5,,,13,,,,,,2,,,1,,,,,3,16
Synallaxis_hypospodia_Sclater_1874,,,,,,,,,,,,,,0,,,,,,,,,,,,,,0,,,,,,,1,,,,,1,,2,,,,,,,,,,,,,,0,2
Rhynchocyclidae_Berlepsch_1907,,,,,,,,,,,,,,,,,,,,,,,,,,,,,,,,,,,,,,,,,,,,,,,,,,,,,,,,,
Todirostrinae_Tello_Moyle_Marchese_&_Cracraft_2009,,,,,,,,,,,,,,,,,,,,,,,,,,,,,,,,,,,,,,,,,,,,,,,,,,,,,,,,,
Todirostrum_Lesson_1831,,,,,,,,,,,,,,,,,,,,,,,,,,,,,,,,,,,,,,,,,,,,,,,,,,,,,,,,,
Todirostrum_cinereum_(Linnaeus_1766),,2,,,,,,,,,,,,2,,3,,,,,,,,,,,1,4,,2,,,,,,1,,,,,,3,,,,,,,,,,,,,,0,9
Tyrannidae_Vigors_1825,,,,,,,,,,,,,,,,,,,,,,,,,,,,,,,,,,,,,,,,,,,,,,,,,,,,,,,,,
Elaeniinae_Cabanis_&_Heine_1860,,,,,,,,,,,,,,,,,,,,,,,,,,,,,,,,,,,,,,,,,,,,,,,,,,,,,,,,,
Camptostoma_Sclater_1857,,,,,,,,,,,,,,,,,,,,,,,,,,,,,,,,,,,,,,,,,,,,,,,,,,,,,,,,,
Camptostoma_obsoletum_(Temminck_1824),,1,,,,,,,,,,,,1,,1,,,,,,,,,,,,1,,,,,,,,,,,,,,0,,,,,,,,,,,,,,0,2
Elaenia_Sundevall_1836,,,,,,,,,,,,,,,,,,,,,,,,,,,,,,,,,,,,,,,,,,,,,,,,,,,,,,,,,
Elaenia_flavogaster_(Thunberg_1822),,,,,,,,,,,,,,0,1,3,3,,,,1,,,,,,,8,,,,,,,,,1,,,,,1,,,,,,,,,,,,,,0,9
Elaenia_spectabilis_Pelzeln_1868,,,,,,,,,,,,,,0,,,1,,,,,1,,,,,,2,,,,,,,,,,,,,,0,,,,,,,,,,,,,,0,2
Elaenia_chiriquensis_Lawrence_1865,,,,,,,,,,,,,,0,,,,,,,1,,1,,,,6,8,,,,,,,,,,,,,,0,,,,,,,,,,,,,,0,8
Serpophaga_Gould_1839,,,,,,,,,,,,,,,,,,,,,,,,,,,,,,,,,,,,,,,,,,,,,,,,,,,,,,,,,
Serpophaga_subcristata_(Vieillot_1817),,1,,,,,,,,,,,,1,,,,,,,,,,,1,,,1,,,,,,,,,,,1,,,1,,,,,,,,,,,,,,0,3
Tyranninae_Vigors_1825,,,,,,,,,,,,,,,,,,,,,,,,,,,,,,,,,,,,,,,,,,,,,,,,,,,,,,,,,
Legatus_Sclater_1859,,,,,,,,,,,,,,,,,,,,,,,,,,,,,,,,,,,,,,,,,,,,,,,,,,,,,,,,,
Legatus_leucophaius_(Vieillot_1818),,,,,,,,,,,,,,0,,,,,,,,,,,,,,0,,,,,,,,,,,,,,0,,,,,,,,,,,1,,,1,1
Myiarchus_Cabanis_1844,,,,,,,,,,,,,,,,,,,,,,,,,,,,,,,,,,,,,,,,,,,,,,,,,,,,,,,,,
Myiarchus_swainsoni_Cabanis_&_Heine_1859,,,,,,,,,,,,,,0,,1,,,,,,,,,,,,1,,,,,,,,,,,,,,0,,,,,,,,,,,,,,0,1
Myiarchus_ferox_(Gmelin_1789),,,,,,,,,,,,,,0,,,1,,,,,,,,,,,1,,,,,,,,,,,,,,0,,,,,,,,,,,,,,0,1
Pitangus_Swainson_1827,,,,,,,,,,,,,,,,,,,,,,,,,,,,,,,,,,,,,,,,,,,,,,,,,,,,,,,,,
Pitangus_sulphuratus_(Linnaeus_1766),2,9,1,,1,5,5,2,6,,3,,3,37,1,3,9,,2,4,13,2,3,,10,,,47,,6,,,5,5,6,3,1,,3,1,4,34,,4,2,,,2,3,,2,,9,,,22,140
Philohydor_Lanyon_1984,,,,,,,,,,,,,,,,,,,,,,,,,,,,,,,,,,,,,,,,,,,,,,,,,,,,,,,,,
Philohydor_lictor_(Lichtenstein_1823),,2,,,2,,,,1,,8,,,13,,,,1,1,,5,4,,,4,,,15,,,,,,,7,,,1,6,0,1,15,,,,,,,2,,,,,,,2,45
Machetornis_Gray_1841,,,,,,,,,,,,,,,,,,,,,,,,,,,,,,,,,,,,,,,,,,,,,,,,,,,,,,,,,
Machetornis_rixosa_(Vieillot_1819),2,2,,,,2,,,,,2,,,8,,,,,,,6,,,,1,,,7,,3,,,,,,,2,,,,,5,3,4,1,,,,,,,,3,,,11,31
Myiodynastes_Bonaparte_1857,,,,,,,,,,,,,,,,,,,,,,,,,,,,,,,,,,,,,,,,,,,,,,,,,,,,,,,,,
Myiodynastes_maculatus_(Statius_Muller_1776),,,,,1,,,,,,,,,1,,,,,,,,,,,,,,0,,,,,,,,,,,,,,0,,,,,,,,,,,,,,0,1
Megarynchus_Thunberg_1824,,,,,,,,,,,,,,,,,,,,,,,,,,,,,,,,,,,,,,,,,,,,,,,,,,,,,,,,,
Megarynchus_pitangua_(Linnaeus_1766),,1,,,,,,,,,1,,,2,,,1,,,,,,,,,,,1,,,,,,,,,,,,,,0,,,,,,,,,,,,,,0,3
Myiozetetes_Sclater_1859,,,,,,,,,,,,,,,,,,,,,,,,,,,,,,,,,,,,,,,,,,,,,,,,,,,,,,,,,
Myiozetetes_cayanensis_(Linnaeus_1766),,,,,,,,,,,,,,0,,,,,,,,,,,,,,0,,,,,,,,,,,,1,,1,,,,,,,1,,,,,,,1,2
Myiozetetes_similis_(Spix_1825),1,,,2,,,,,,,,,,3,,,1,,,,,,,,,,,1,,1,,,,,,,,,,,,1,,,,,,,,,,,,,,0,5
Tyrannus_Lacepède_1799,,,,,,,,,,,,,,,,,,,,,,,,,,,,,,,,,,,,,,,,,,,,,,,,,,,,,,,,,
Tyrannus_albogularis_Burmeister_1856,,,,,,,,,,,,,,0,,3,,,,,,,,,,,,3,,,,,,,,,,,1,,,1,,,,,,,,,,,,,,0,4
Tyrannus_melancholicus_Vieillot_1819,,4,,,,,4,,4,1,7,,7,27,,3,3,1,,1,5,12,,1,11,,2,39,2,,,,1,3,,1,4,4,11,1,5,32,5,6,,,,,4,2,8,,7,,2,34,132
Tyrannus_savana_Daudin_1802,,,,,,,,,,,,,,0,,,,,,,,,,,35,,1,36,,,,,,,,,,,,,,0,,,,,,,,,,,,,,0,36
Fluvicolinae_Swainson_1832,,,,,,,,,,,,,,,,,,,,,,,,,,,,,,,,,,,,,,,,,,,,,,,,,,,,,,,,,
Arundinicola_d'Orbigny_1840,,,,,,,,,,,,,,,,,,,,,,,,,,,,,,,,,,,,,,,,,,,,,,,,,,,,,,,,,
Arundinicola_leucocephala_(Linnaeus_1764),,,,,,,,,,,,,,0,,,,,,,,,,,,,,0,,,,,,,,,,,,,,0,,,,,,,,,,,1,,,1,1
Fluvicola_Swainson_1827,,,,,,,,,,,,,,,,,,,,,,,,,,,,,,,,,,,,,,,,,,,,,,,,,,,,,,,,,
Fluvicola_albiventer_(Spix_1825),,,,,,,,,1,,,,,1,,,,,,,,,,,,,,0,,,,,,,,,,,,,,0,,,,,,,,,,,1,,,1,2
Fluvicola_nengeta_(Linnaeus_1766),,,,,,,,,,,,1,,1,,,,,,,,,,,,,,0,,,,,,,,,,,,,,0,,,,,,,,,,,1,,,1,2
Pyrocephalus_Gould_1839,,,,,,,,,,,,,,,,,,,,,,,,,,,,,,,,,,,,,,,,,,,,,,,,,,,,,,,,,
Pyrocephalus_rubinus_(Boddaert_1783),,2,,,,,3,,,,1,,,6,,,,,,,,,,,,,,0,,,,,,,,,,,,,,0,,,,,,,,,,,,,,0,6
Xolmis_Boie_1826,,,,,,,,,,,,,,,,,,,,,,,,,,,,,,,,,,,,,,,,,,,,,,,,,,,,,,,,,
Xolmis_velatus_(Lichtenstein_1823),,,,,,,,,,,,,,0,,,,,,,1,,,,,,,1,,,,,,,,,,,,,,0,,,,,,,,,,,,,,0,1
Vireonidae_Swainson_1837,,,,,,,,,,,,,,,,,,,,,,,,,,,,,,,,,,,,,,,,,,,,,,,,,,,,,,,,,
Cyclarhis_Swainson_1824,,,,,,,,,,,,,,,,,,,,,,,,,,,,,,,,,,,,,,,,,,,,,,,,,,,,,,,,,
Cyclarhis_gujanensis_(Gmelin_1789),,,,,,,,,,,,,,0,,,,,,,,,,,,,1,1,,,,,,,,,,,,,1,1,,,,,,,,,,,,,,0,2
Corvidae_Leach_1820,,,,,,,,,,,,,,,,,,,,,,,,,,,,,,,,,,,,,,,,,,,,,,,,,,,,,,,,,
Cyanocorax_Boie_1826,,,,,,,,,,,,,,,,,,,,,,,,,,,,,,,,,,,,,,,,,,,,,,,,,,,,,,,,,
Cyanocorax_cyanomelas_(Vieillot_1818),,4,,,,,,,,,,,,4,,,,,5,,,,,,,,,5,,,,,,,,,,,,0,2,2,6,2,,,,,,,,,,,,8,19
Hirundinidae_Rafinesque_1815,,,,,,,,,,,,,,,,,,,,,,,,,,,,,,,,,,,,,,,,,,,,,,,,,,,,,,,,,
Atticora_Boie_1844,,,,,,,,,,,,,,,,,,,,,,,,,,,,,,,,,,,,,,,,,,,,,,,,,,,,,,,,,
Atticora_fasciata_(Gmelin_1789),,,,,,,,,,,,,,0,,,,,,,,,2,,,,,2,,,,,,,,,,,,,,0,,,,,,,,,,,,,,0,2
Stelgidopteryx_Baird_1858,,,,,,,,,,,,,,,,,,,,,,,,,,,,,,,,,,,,,,,,,,,,,,,,,,,,,,,,,
Stelgidopteryx_ruficollis_(Vieillot_1817),,,,,,,6,9,10,,,,,25,,,,,,,6,3,4,4,1,,,18,,3,,,,2,9,3,6,,2,,,25,,,,,,,7,2,2,,,,,11,79
Progne_Boie_1826,,,,,,,,,,,,,,,,,,,,,,,,,,,,,,,,,,,,,,,,,,,,,,,,,,,,,,,,,
Progne_tapera_(Linnaeus_1766),,,,,,,,,,,,,,0,,,,,,,,,,,,,,0,,,,,,,,,,,,,,0,,,,,,,2,4,,,3,,,9,9
Progne_chalybea_(Gmelin_1789),,,,,,,,,1,,,,,1,1,4,1,,,2,9,2,1,,166,,10,196,,2,,,,,,1,,,,,,3,,4,3,,,,,4,1,,6,,,18,218
Tachycineta_Cabanis_1850,,,,,,,,,,,,,,,,,,,,,,,,,,,,,,,,,,,,,,,,,,,,,,,,,,,,,,,,,
Tachycineta_albiventer_(Boddaert_1783),,3,,,,3,15,13,6,,3,,,43,,5,6,,,7,20,6,1,,1,,1,47,,,,,,5,29,2,3,,3,2,,44,,,,,,7,25,2,,3,4,,,41,175
Riparia_Forster_1817,,,,,,,,,,,,,,,,,,,,,,,,,,,,,,,,,,,,,,,,,,,,,,,,,,,,,,,,,
Riparia_riparia_(Linnaeus_1758),,,,,,,,4,,,,,,4,,,,,,,,,,,,,,0,,,,,,,,,,,,,,0,,,,,,,,,,,,,,0,4
Troglodytidae_Swainson_1831,,,,,,,,,,,,,,,,,,,,,,,,,,,,,,,,,,,,,,,,,,,,,,,,,,,,,,,,,
Troglodytes_Vieillot_1809,,,,,,,,,,,,,,,,,,,,,,,,,,,,,,,,,,,,,,,,,,,,,,,,,,,,,,,,,
Troglodytes_musculus_Naumann_1823,,,,,,,,,,,,,,0,,,,,,,,,,,,,,0,,,,,1,,,,,,,,,1,,,,,,,,,,,,,,0,1
Campylorhynchus_Spix_1824,,,,,,,,,,,,,,,,,,,,,,,,,,,,,,,,,,,,,,,,,,,,,,,,,,,,,,,,,
Campylorhynchus_turdinus_(Wied_1831),,,,,,7,,2,,,,,8,17,,1,4,,,3,1,5,,,,,,14,,2,1,,,6,,2,2,,,0,5,18,,,,,,,,,,,1,,,1,50
Polioptilidae_Baird_1858,,,,,,,,,,,,,,,,,,,,,,,,,,,,,,,,,,,,,,,,,,,,,,,,,,,,,,,,,
Polioptila_Sclater_1855,,,,,,,,,,,,,,,,,,,,,,,,,,,,,,,,,,,,,,,,,,,,,,,,,,,,,,,,,
Polioptila_dumicola_(Vieillot_1817),,1,,,,,,,,,,,,1,,2,1,,,,,,,,,,,3,,,,,,,,,,,,,,0,,,,,,,,,,,,,,0,4
Donacobiidae_Aleixo_&_Pacheco_2006,,,,,,,,,,,,,,,,,,,,,,,,,,,,,,,,,,,,,,,,,,,,,,,,,,,,,,,,,
Donacobius_Swainson_1831,,,,,,,,,,,,,,,,,,,,,,,,,,,,,,,,,,,,,,,,,,,,,,,,,,,,,,,,,
Donacobius_atricapilla_(Linnaeus_1766),,,,,1,,3,2,12,,3,12,1,34,,,,4,2,,,,1,,1,,,8,,,,,,2,4,1,4,,2,10,1,24,,,,,,,6,1,1,,5,,,13,79
Turdidae_Rafinesque_1815,,,,,,,,,,,,,,,,,,,,,,,,,,,,,,,,,,,,,,,,,,,,,,,,,,,,,,,,,
Turdus_Linnaeus_1758,,,,,,,,,,,,,,,,,,,,,,,,,,,,,,,,,,,,,,,,,,,,,,,,,,,,,,,,,
Turdus_rufiventris_Vieillot_1818,,1,,,,1,,1,,,,,3,6,,5,2,,,,4,,2,,1,,,14,,3,,,,,,,,,,0,3,6,,4,,,,,,1,2,,,,,7,33
Mimidae_Bonaparte_1853,,,,,,,,,,,,,,,,,,,,,,,,,,,,,,,,,,,,,,,,,,,,,,,,,,,,,,,,,
Mimus_Boie_1826,,,,,,,,,,,,,,,,,,,,,,,,,,,,,,,,,,,,,,,,,,,,,,,,,,,,,,,,,
Mimus_saturninus_(Lichtenstein_1823),,,,,,,,,,,,,,0,,,,,,,2,,,,,,5,7,,,1,,,,,,,,,0,2,3,,,,,,,,,,,,,,0,10
Passeridae_Rafinesque_1815,,,,,,,,,,,,,,,,,,,,,,,,,,,,,,,,,,,,,,,,,,,,,,,,,,,,,,,,,
Passer_Brisson_1760,,,,,,,,,,,,,,,,,,,,,,,,,,,,,,,,,,,,,,,,,,,,,,,,,,,,,,,,,
Passer_domesticus_(Linnaeus_1758),,,,,,,,1,,,,,,1,,,,,,,,,,,,,,0,,,,,,,,,,,,,,0,,,,,,,,,,,,,,0,1
Motacillidae_Horsfield_1821,,,,,,,,,,,,,,,,,,,,,,,,,,,,,,,,,,,,,,,,,,,,,,,,,,,,,,,,,
Anthus_Bechstein_1805,,,,,,,,,,,,,,,,,,,,,,,,,,,,,,,,,,,,,,,,,,,,,,,,,,,,,,,,,
Anthus_chii_Vieillot_1818,,,4,,,,,1,,,,,,5,,,,,,,,,,,,,,0,,3,18,,,,,,,,,,,21,,,4,,,1,,,2,,,,,7,33
Fringillidae_Leach_1820,,,,,,,,,,,,,,,,,,,,,,,,,,,,,,,,,,,,,,,,,,,,,,,,,,,,,,,,,
Euphoniinae_Cabanis_1847,,,,,,,,,,,,,,,,,,,,,,,,,,,,,,,,,,,,,,,,,,,,,,,,,,,,,,,,,
Euphonia_Desmarest_1806,,,,,,,,,,,,,,,,,,,,,,,,,,,,,,,,,,,,,,,,,,,,,,,,,,,,,,,,,
Euphonia_chlorotica_(Linnaeus_1766),,1,,,,,,,,,,,,1,,,,,,,,,,,,,,0,,,,,,,,,,,,,,0,,,,,,,,,,,,,,0,1
Passerellidae_Cabanis_&_Heine_1850,,,,,,,,,,,,,,,,,,,,,,,,,,,,,,,,,,,,,,,,,,,,,,,,,,,,,,,,,
Zonotrichia_Swainson_1832,,,,,,,,,,,,,,,,,,,,,,,,,,,,,,,,,,,,,,,,,,,,,,,,,,,,,,,,,
Zonotrichia_capensis_(Statius_Muller_1776),,,,,,,,,,,,,2,2,,,,,,,,,,,,,,0,,,,,,,,,,,,,,0,,,,,,,,,,,,,,0,2
Sturnellinae_Chenu_&_Des_Murs_1853,,,,,,,,,,,,,,,,,,,,,,,,,,,,,,,,,,,,,,,,,,,,,,,,,,,,,,,,,
Leistes_Vigors_1825,,,,,,,,,,,,,,,,,,,,,,,,,,,,,,,,,,,,,,,,,,,,,,,,,,,,,,,,,
Leistes_superciliaris_(Bonaparte_1850),,,,,,,,,,,,,,0,,,,,,,,,,,,,3,3,,,,,,,,,,,,,,0,,,,,,,,,,,,,,0,3
Cacicinae_Bonaparte_1853,,,,,,,,,,,,,,,,,,,,,,,,,,,,,,,,,,,,,,,,,,,,,,,,,,,,,,,,,
Psarocolius_Wagler_1827,,,,,,,,,,,,,,,,,,,,,,,,,,,,,,,,,,,,,,,,,,,,,,,,,,,,,,,,,
Psarocolius_decumanus_(Pallas_1769),,1,,5,,,,,,,,,,6,,,6,,,,,,,,,,,6,,,,,,,,,,,,,,0,,,,,1,,,,,,,,,1,13
Cacicus_Lacepède_1799,,,,,,,,,,,,,,,,,,,,,,,,,,,,,,,,,,,,,,,,,,,,,,,,,,,,,,,,,
Cacicus_solitarius_(Vieillot_1816),,1,30,,,,,,,,,,,31,,1,,,,3,,,,,1,,,5,,,,,,,,,1,,,,,1,,,,,1,,,,3,,,,,4,41
Cacicus_cela_(Linnaeus_1758),,,,,1,,1,4,,,1,,2,9,3,,,,5,4,7,5,2,,2,,2,30,,,,,,9,5,,1,,7,,,22,,,,,,,7,3,2,,2,,,14,75
Icterinae_Vigors_1825,,,,,,,,,,,,,,,,,,,,,,,,,,,,,,,,,,,,,,,,,,,,,,,,,,,,,,,,,
Icterus_Brisson_1760,,,,,,,,,,,,,,,,,,,,,,,,,,,,,,,,,,,,,,,,,,,,,,,,,,,,,,,,,
Icterus_croconotus_(Wagler_1829),,,,,,,,,1,,,,9,10,,,,,,,1,2,,,,,,3,,,,,,,,,,,,0,2,2,,,,,,,,,,,,,,0,15
Icterus_pyrrhopterus_(Vieillot_1819),,,,,,,,,,,,,1,1,,,,,,,,,,,,,,0,,,,,,,,,,,,,,0,,,,,,,,,,,,,,0,1
Agelaiinae_Swainson_1832,,,,,,,,,,,,,,,,,,,,,,,,,,,,,,,,,,,,,,,,,,,,,,,,,,,,,,,,,
Molothrus_Swainson_1832,,,,,,,,,,,,,,,,,,,,,,,,,,,,,,,,,,,,,,,,,,,,,,,,,,,,,,,,,
Molothrus_bonariensis_(Gmelin_1789),,,,,,,,,21,,1,,,22,,3,,,,5,1,,,,,,,9,,,,,,,2,,,,12,0,2,16,,,,,,,,,,,,,,0,47
Gnorimopsar_Richmond_1908,,,,,,,,,,,,,,,,,,,,,,,,,,,,,,,,,,,,,,,,,,,,,,,,,,,,,,,,,
Gnorimopsar_chopi_(Vieillot_1819),,32,,,,,1,,1,,,,7,41,,5,,,1,,5,2,,,,,2,15,,,,,,,2,,,,,,,2,,,,,,,,,,,,,,0,58
Agelaioides_Cassin_1866,,,,,,,,,,,,,,,,,,,,,,,,,,,,,,,,,,,,,,,,,,,,,,,,,,,,,,,,,
Agelaioides_badius_(Vieillot_1819),,,,,,,1,,,,,,,1,,,,,,,,,,,,,2,2,,,,,,,,,,,,0,3,3,,,,,,,,,,,,,,0,6
Agelasticus_Cabanis_1851,,,,,,,,,,,,,,,,,,,,,,,,,,,,,,,,,,,,,,,,,,,,,,,,,,,,,,,,,
Agelasticus_cyanopus_(Vieillot_1819),,,,,,,,,,,,,,0,,,,,,2,,,,,10,,,12,,,,,,8,,,,,,,,8,,,,,,,,,2,,,,2,4,24
Thraupidae_Cabanis_1847,,,,,,,,,,,,,,,,,,,,,,,,,,,,,,,,,,,,,,,,,,,,,,,,,,,,,,,,,
Saltatorinae_Bonaparte_1853,,,,,,,,,,,,,,,,,,,,,,,,,,,,,,,,,,,,,,,,,,,,,,,,,,,,,,,,,
Saltator_Vieillot_1816,,,,,,,,,,,,,,,,,,,,,,,,,,,,,,,,,,,,,,,,,,,,,,,,,,,,,,,,,
Saltator_maximus_(Statius_Muller_1776),,,,,,2,,,1,,,,1,4,,,,,,,,2,,,,,,2,,,,,,,,,,,,,,0,,,,,,,,,,,,,,0,6
Saltator_coerulescens_Vieillot_1817,,2,,,,,,,,,,,,2,,,,,,,2,,,,,,,2,,,,,,,,,,,,,,0,,,,,,,,,,,,,,0,4
Saltator_similis_d'Orbigny_&_Lafresnaye_1837,,2,,,,,,,,,,,,2,,,,,,,3,,,,,,,3,,,,,,,,,,,1,,,1,,,,,,,,,,,,,,0,6
Coerebinae_d'Orbigny_&_Lafresnaye_1838,,,,,,,,,,,,,,,,,,,,,,,,,,,,,,,,,,,,,,,,,,,,,,,,,,,,,,,,,
Coereba_Vieillot_1809,,,,,,,,,,,,,,,,,,,,,,,,,,,,,,,,,,,,,,,,,,,,,,,,,,,,,,,,,
Coereba_flaveola_(Linnaeus_1758),,2,,,,,,,,,,,,2,,,,,,,,,,,,,,0,,2,,,,,,,,,,,,2,,,,,,,,,,,,,,0,4
Tachyphoninae_Bonaparte_1853,,,,,,,,,,,,,,,,,,,,,,,,,,,,,,,,,,,,,,,,,,,,,,,,,,,,,,,,,
Volatinia_Reichenbach_1850,,,,,,,,,,,,,,,,,,,,,,,,,,,,,,,,,,,,,,,,,,,,,,,,,,,,,,,,,
Volatinia_jacarina_(Linnaeus_1766),,,,,,,5,,,,,,,5,,,2,,2,,1,,,,,,,5,,,,,,,,,,,4,0,2,6,,,,,,,,,,,,,,0,16
Ramphocelus_Desmarest_1805,,,,,,,,,,,,,,,,,,,,,,,,,,,,,,,,,,,,,,,,,,,,,,,,,,,,,,,,,
Ramphocelus_bresilia_(Linnaeus_1766),,,,,1,,,1,,,,,,2,,,,,,,,,,,,,,0,,,,,,,,,,,,,,0,,,,,,,,,,,,,,0,2
Ramphocelus_carbo_(Pallas_1764),,7,,,,3,,,1,,1,,,12,,2,,,11,,10,20,1,,5,,,49,,,,,2,15,,1,5,,,,,23,,,,,3,,2,,,,3,,,8,92
Sporophilinae_Ridgway_1901,,,,,,,,,,,,,,,,,,,,,,,,,,,,,,,,,,,,,,,,,,,,,,,,,,,,,,,,,
Sporophila_Cabanis_1844,,,,,,,,,,,,,,,,,,,,,,,,,,,,,,,,,,,,,,,,,,,,,,,,,,,,,,,,,
Sporophila_lineola_(Linnaeus_1758),,,,,,,,,,,,,,0,,,,,,,,,,,,,2,2,,,,,,,,,,,,,,0,,,,,,,,,,,,,,0,2
Sporophila_plumbea_(Wied_1830),,,,,,,,,,,,,,0,,,,,,,,,2,,8,,,10,,,,,,,,,,,,,,0,,,,,,,,,,,,,,0,10
Sporophila_collaris_(Boddaert_1783),,,,,,,,,,,,,,0,,,,,,,,,1,,,,,1,,,,,,,,,,,,,,0,,,,,,,,,,,,,,0,1
Sporophila_nigricollis_(Vieillot_1823),,,,,,,,,,,,,,0,,,,,,,,,,,,,2,2,,,,,,,,,,,,,,0,,,,,,,,,,,,,2,2,4
Sporophila_caerulescens_(Vieillot_1823),,,,,,,,,,,,,,0,,,,,,,,,1,,,,,1,,,,,,,,,,,,,,0,,,,,,,,,,,,,,0,1
Sporophila_bouvreuil_(Statius_Muller_1776),,,,,,,,,,,,,,0,,,,,,,,,,,,,1,1,,,,,,,,,,,,,,0,,,,,,,,,,,,,,0,1
Diglossinae_Sclater_1875,,,,,,,,,,,,,,,,,,,,,,,,,,,,,,,,,,,,,,,,,,,,,,,,,,,,,,,,,
Sicalis_Boie_1828,,,,,,,,,,,,,,,,,,,,,,,,,,,,,,,,,,,,,,,,,,,,,,,,,,,,,,,,,
Sicalis_flaveola_(Linnaeus_1766),10,200,,,,,,,,,,,5,215,,6,,,,,,,,,2,,2,10,,8,7,,,,,4,,,2,0,5,26,,8,2,,,,,,,,,,,10,261
Thraupinae_Cabanis_1847,,,,,,,,,,,,,,,,,,,,,,,,,,,,,,,,,,,,,,,,,,,,,,,,,,,,,,,,,
Paroaria_Bonaparte_1832,,,,,,,,,,,,,,,,,,,,,,,,,,,,,,,,,,,,,,,,,,,,,,,,,,,,,,,,,
Paroaria_coronata_(Miller_1776),,,,,,2,,,,,,,,2,,,,,,,,,,,,,,0,,,,,,,,,,,,,,0,,,,,,,,,,,,,,0,2
Paroaria_capitata_(d'Orbigny_&_Lafresnaye_1837),,9,5,,,6,6,6,2,,7,7,17,65,,12,2,,4,5,3,25,7,,20,,10,88,,6,,,1,,3,,1,,1,0,3,15,,2,,,2,,,,5,,9,,,18,186
Thraupis_Boie_1826,,,,,,,,,,,,,,,,,,,,,,,,,,,,,,,,,,,,,,,,,,,,,,,,,,,,,,,,,
Thraupis_sayaca_(Linnaeus_1766),,,,,,1,,1,,,,,1,3,,8,,,,,,,,,,,1,9,,,,,,,1,,,,1,0,2,4,,,,,1,1,3,3,3,,3,,,14,30
Thraupis_palmarum_(Wied_1821),,2,,,,,,,,,,,5,7,,3,,,,,,1,,,,,,4,,,,,,,,,,,,0,1,1,,1,,,,,,,,,,,,1,13
Stilpnia_Burns_Unitt_&_Mason_2016,,,,,,,,,,,,,,,,,,,,,,,,,,,,,,,,,,,,,,,,,,,,,,,,,,,,,,,,,
Stilpnia_cayana_(Linnaeus_1766),,,,,,,,,,,,,,0,,,,,,,,,1,,,,,1,,,,,,,,,,,,,,0,,,,,,,,,,,,,,0,1
,34,410,1218,75,44,67,219,320,222,432,236,599,339,4215,132,205,364,39,80,110,488,335,104,201,425,40,388,2911,21,127,346,364,43,172,174,121,138,81,321,56,270,2234,23,59,226,12,23,137,107,63,89,53,196,6,51,1045,10405
