#,Categoria,Nome_do_taxon_(com_autoria),Nome_em_Portugues,English_Name,estrada_(mata_+_comunidade)___Vasante,FOAD_Vasante,B._sonhos_vasante,Sia_mariana__corixo_Leme__vasante,Corixo_Leme_vasante,Rio_III_vasante,RioII_vasante,Rio_I_vasante,Mane_Isaque_vasante,Sia_Mariana__Mutum_vasante,Rio_Mutum_vasante,Corixo_do_Mato_vasante,Chacorore__vasante,Total_1º_coleta/_Vazante,estrada_(mata_+_comunidade)_seca,FOAD_seca,B._sonhos_seca,Sia_Mariana__corixo_do_leme_seca,Corixo_Leme_seca,Rio_III_seca,_Rio_II_seca,Rio_I_seca,Mane_Isaque_seca,Sia_Mariana__Mutum_seca,Rio_Mutum_seca,Corixo_do_Mato_seca,Chacorore_seca,Total_2º_coleta/_Seca,estrada_(mata_+_comunidade)_enchente,FOAD_enchente,B._sonhos_enchente,Sia_Mariana___Corixo_do_Leme_enchente,Corixo_Leme_enchente,Rio_III_enchente,Rio_II_enchente,Rio_I_enchente,Mane_Isaque_enchente,Sia_Mariana__Mutum_enchente,Rio_Mutum_enchente,Corixo_do_Mato_enchente,Chacorore_enchente,Total_3º_coleta/_enchente,estrada_(mata_+_comunidade)_cheia,FOAD_cheia,B._sonhos_cheia,Sia_Mariana___Corixo_do_leme_cheia,Corixo_Leme_cheia,Rio_III_cheia,Rio_II_cheia,Rio_I_cheia,Mane_Isaque_cheia,Sia_Mariana__Mutum_cheia,Rio_Mutum_cheia,Corixo_do_Mato_cheia,Chacorore_cheia,Total_4º_coleta/_Cheia,
,Ordem,Tinamiformes_Huxley_1872,,,,,,,,,,,,,,,,0,,,,,,,,,,,,,,0,,,,,,,,,,,,,,0,,,,,,,,,,,,,,0,
,Familia,Tinamidae_Gray_1840,,,,,,,,,,,,,,,,,,,,,,,,,,,,,,,,,,,,,,,,,,,,,,,,,,,,,,,,,,,
,Genero,Crypturellus_Brabourne_&_Chubb_1914,,,,,,,,,,,,,,,,,,,,,,,,,,,,,,,,,,,,,,,,,,,,,,,,,,,,,,,,,,,
1,Especie,Crypturellus_undulatus_(Temminck_1815),jao,Undulated_Tinamou,,,,,,,,,,,,,,0,,,2,,,,,,,,,,,2,,,,,,,,,,,,2,,2,,,,,,,,,,,,,,0,4
,Ordem,Anseriformes_Linnaeus_1758,,,,,,,,,,,,,,,,0,,,,,,,,,,,,,,0,,,,,,,,,,,,,,0,,,,,,,,,,,,,,,
,Familia,Anhimidae_Stejneger_1885,,,,,,,,,,,,,,,,,,,,,,,,,,,,,,,,,,,,,,,,,,,,,,,,,,,,,,,,,,,
,Genero,Anhima_Brisson_1760,,,,,,,,,,,,,,,,,,,,,,,,,,,,,,,,,,,,,,,,,,,,,,,,,,,,,,,,,,,
2,Especie,Anhima_cornuta_(Linnaeus_1766),anhuma,Horned_Screamer,,,,,,,,,,,,,,0,,,,,,,,2,,,2,,7,11,,,,,,,1,,,,,,,1,,,,,,,,,,,,,,0,12
,Genero,Chauna_Illiger_1811,,,,,,,,,,,,,,,,,,,,,,,,,,,,,,,,,,,,,,,,,,,,,,,,,,,,,,,,,,,
3,Especie,Chauna_torquata_(Oken_1816),tacha,Southern_Screamer,,,,,,,,,,,,,,0,,,2,,,,,,2,,,,,4,,,3,,,,,2,,,,3,2,10,,,2,,1,,,,,,,,,3,17
,Familia,Anatidae_Leach_1820,,,,,,,,,,,,,,,,,,,,,,,,,,,,,,,,,,,,,,,,,,,,,,,,,,,,,,,,,,,
,Subfamilia,Dendrocygninae_Reichenbach_1850,,,,,,,,,,,,,,,,,,,,,,,,,,,,,,,,,,,,,,,,,,,,,,,,,,,,,,,,,,,
,Genero,Dendrocygna_Swainson_1837,,,,,,,,,,,,,,,,,,,,,,,,,,,,,,,,,,,,,,,,,,,,,,,,,,,,,,,,,,,
4,Especie,Dendrocygna_bicolor_(Vieillot_1816),marreca_caneleira,Fulvous_Whistling_Duck,,,2,,,,,,,,,,,2,,,,,,,,,,,,,,0,,,,,,,,,,,,,,0,,,,,,,,,,,,,,0,2
5,Especie,Dendrocygna_viduata_(Linnaeus_1766),irere,White_faced_Whistling_Duck,,,36,25,,,,,,,,3,3,67,,,,,,,,,,12,5,,140,157,,,8,,,,,,,,2,,,10,,,7,,,,,,,13,,,3,23,257
6,Especie,Dendrocygna_autumnalis_(Linnaeus_1758),marreca_cabocla,Black_bellied_Whistling_Duck,,,61,,,,,,,,,,,61,,,,,,,37,,,1,,,16,54,,16,44,348,,9,,,,,4,0,62,483,,6,52,,,,2,,,5,2,,12,79,677
,Subfamilia,Anatinae_Leach_1820,,,,,,,,,,,,,,,,,,,,,,,,,,,,,,,,,,,,,,,,,,,,,,,,,,,,,,,,,,,
,Genero,Cairina_Fleming_1822,,,,,,,,,,,,,,,,,,,,,,,,,,,,,,,,,,,,,,,,,,,,,,,,,,,,,,,,,,,
7,Especie,Cairina_moschata_(Linnaeus_1758),pato_do_mato,Muscovy_Duck,,,,,,,,,,,5,,,5,,,,,,,,,,,4,,,4,,,,,,,,,,,,,,0,,,,,,,,,,,2,,,2,11
,Genero,Amazonetta_Boetticher_1929,,,,,,,,,,,,,,,,,,,,,,,,,,,,,,,,,,,,,,,,,,,,,,,,,,,,,,,,,,,
8,Especie,Amazonetta_brasiliensis_(Gmelin_1789),marreca_ananai,Brazilian_Teal,,,,,,,,,,,,,3,3,,2,,,,,,,,23,,,,25,,3,3,,,,,,,,,,,6,,,,,,,,,,3,,,,3,37
,Genero,Anas_Linnaeus_1758,,,,,,,,,,,,,,,,,,,,,,,,,,,,,,,,,,,,,,,,,,,,,,,,,,,,,,,,,,,
9,Especie,Anas_bahamensis_Linnaeus_1758,marreca_toicinho,White_cheeked_Pintail,,,,,,,,,,,,,,0,,,,,,,,,,2,,,,2,,,,,,,,,,,,,,0,,,,,,,,,,,,,,0,2
,Ordem,Galliformes_Linnaeus_1758,,,,,,,,,,,,,,,,0,,,,,,,,,,,,,,0,,,,,,,,,,,,,,0,,,,,,,,,,,,,,0,0
,Familia,Cracidae_Rafinesque_1815,,,,,,,,,,,,,,,,,,,,,,,,,,,,,,,,,,,,,,,,,,,,,,,,,,,,,,,,,,,
,Genero,Penelope_Merrem_1786,,,,,,,,,,,,,,,,,,,,,,,,,,,,,,,,,,,,,,,,,,,,,,,,,,,,,,,,,,,
10,Especie,Penelope_ochrogaster_Pelzeln_1870,jacu_de_barriga_castanha,Chestnut_bellied_Guan,,,,,,,,,,,,,,0,,,,,,,,,,,2,,,2,,,,,1,,,,,,5,,,6,,,,,,,,,,,,,,0,8
,Genero,Aburria_Reichenbach_1853,,,,,,,,,,,,,,,,,,,,,,,,,,,,,,,,,,,,,,,,,,,,,,,,,,,,,,,,,,,
11,Especie,Aburria_cumanensis_(Jacquin_1784),jacutinga_de_garganta_azul,Blue_throated_Piping_Guan,,,,,,,,,,,,,,0,,,4,,,,,,,,,,,4,,,,,1,,1,,,,,,,2,,,,,,,,,,,,,,0,6
12,Especie,Aburria_cujubi_(Pelzeln_1858),cujubi,Red_throated_Piping_Guan,,,,,,,,,,,,,,0,,,,,11,1,,,,,2,,,14,,,,,5,2,,,,,,,,7,,,,,,,,,,1,,,,1,22
,Genero,Ortalis_Merrem_1786,,,,,,,,,,,,,,,,,,,,,,,,,,,,,,,,,,,,,,,,,,,,,,,,,,,,,,,,,,,
13,Especie,Ortalis_canicollis_(Wagler_1830),aracua_do_pantanal,Chaco_Chachalaca,3,,12,,,3,12,8,,,2,,,40,,5,10,4,,15,10,1,2,,3,,5,55,,8,11,,4,1,1,2,2,,,0,8,37,,6,7,,,5,1,,,,1,,,20,152
,Genero,Crax_Linnaeus_1758,,,,,,,,,,,,,,,,,,,,,,,,,,,,,,,,,,,,,,,,,,,,,,,,,,,,,,,,,,,
14,Especie,Crax_fasciolata_Spix_1825,mutum_de_penacho,Bare_faced_Curassow,2,,,,,,,,,,,,,2,4,2,4,3,,,,,,,,,,13,,2,,,,,2,,,,2,,,6,,,,,,,,,,,2,,,2,23
,Ordem,Columbiformes_Latham_1790,,,,,,,,,,,,,,,,,,,,,,,,,,,,,,,,,,,,,,,,,,,,,,,,,,,,,,,,,,,
,Familia,Columbidae_Leach_1820,,,,,,,,,,,,,,,,,,,,,,,,,,,,,,,,,,,,,,,,,,,,,,,,,,,,,,,,,,,
,Subfamilia,Columbinae_Leach_1820,,,,,,,,,,,,,,,,,,,,,,,,,,,,,,,,,,,,,,,,,,,,,,,,,,,,,,,,,,,
,Genero,Patagioenas_Reichenbach_1853,,,,,,,,,,,,,,,,,,,,,,,,,,,,,,,,,,,,,,,,,,,,,,,,,,,,,,,,,,,
15,Especie,Patagioenas_speciosa_(Gmelin_1789),pomba_trocal,Scaled_Pigeon,,,,,,,,,,,,,,0,,,,,,,,,,,,,1,1,,,,,,,,,,,1,,,1,,,,,,,,,,,2,,,2,4
16,Especie,Patagioenas_picazuro_(Temminck_1813),pomba_asa_branca,Picazuro_Pigeon,,,19,,,,8,5,1,3,27,4,9,76,,,,5,2,1,,,,36,19,,,63,,,4,,,2,11,1,,2,6,1,,27,,2,,,,,,,1,1,2,,,6,172
17,Especie,Patagioenas_cayennensis_(Bonnaterre_1792),pomba_galega,Pale_vented_Pigeon,,,,,,,,,,,,,,0,,,,,,1,,,,,1,,,2,,,,,,,1,,,,1,1,,3,,,,,,,,,,,2,,,2,7
,Genero,Geotrygon_Gosse_1847,,,,,,,,,,,,,,,,,,,,,,,,,,,,,,,,,,,,,,,,,,,,,,,,,,,,,,,,,,,
18,Especie,Geotrygon_montana_(Linnaeus_1758),pariri,Ruddy_Quail_Dove,,,,,,,,,,,,,,0,,,,,,,,,,,,,,0,,1,,,,,,,,,,,,1,,,,,,,,,,,,,,0,1
,Genero,Leptotila_Swainson_1837,,,,,,,,,,,,,,,,,,,,,,,,,,,,,,,,,,,,,,,,,,,,,,,,,,,,,,,,,,,
19,Especie,Leptotila_verreauxi_Bonaparte_1855,juriti_pupu,White_tipped_Dove,,1,,,,,1,,,,2,,5,9,1,6,8,,,4,,6,1,,,,2,28,,4,,,,,1,,1,,9,0,1,16,,5,,,,,,,,,3,,,8,61
20,Especie,Leptotila_rufaxilla_(Richard_&_Bernard_1792),juriti_de_testa_branca,Gray_fronted_Dove,,,,,,,,,,,,,,0,,,,,,1,,,1,,,,,2,,2,,,,2,,,,,1,,,5,,,,,,,,,,,,,,0,7
,Genero,Zenaida_Bonaparte_1838,,,,,,,,,,,,,,,,,,,,,,,,,,,,,,,,,,,,,,,,,,,,,,,,,,,,,,,,,,,
21,Especie,Zenaida_auriculata_(Des_Murs_1847),avoante,Eared_Dove,,,,,,,,1,,,1,,,2,,,,,,,,,,,8,,,8,,,,,,,,,,,,,,0,,,,,1,,,,,,3,,,4,14
,Subfamilia,Claravinae_Richmond_1917,,,,,,,,,,,,,,,,,,,,,,,,,,,,,,,,,,,,,,,,,,,,,,,,,,,,,,,,,,,
,Genero,Claravis_Oberholser_1899,,,,,,,,,,,,,,,,,,,,,,,,,,,,,,,,,,,,,,,,,,,,,,,,,,,,,,,,,,,
22,Especie,Claravis_pretiosa_(Ferrari_Perez_1886),pararu_azul,Blue_Ground_Dove,,,,,,,,,,,,,,0,,,,,,,,,,,,,,0,,1,,,,,,,,,,2,,3,,,,,,,,,,,,,,0,3
,Genero,Uropelia_Bonaparte_1855,,,,,,,,,,,,,,,,,,,,,,,,,,,,,,,,,,,,,,,,,,,,,,,,,,,,,,,,,,,
23,Especie,Uropelia_campestris_(Spix_1825),rolinha_vaqueira,Long_tailed_Ground_Dove,,,,,,,,,1,,,,,1,,,,,,,,,,,,,,0,,,,,,,,,,,,,,0,,,,,,,,,,,,,,0,1
,Genero,Columbina_Spix_1825,,,,,,,,,,,,,,,,,,,,,,,,,,,,,,,,,,,,,,,,,,,,,,,,,,,,,,,,,,,
24,Especie,Columbina_minuta_(Linnaeus_1766),rolinha_de_asa_canela,Plain_breasted_Ground_Dove,,,,,,,,,,,,,,0,,,,,,,,,,,,,,0,,,,,,,,,,,,0,2,2,,,,,,,,,,,,,,0,2
25,Especie,Columbina_talpacoti_(Temminck_1811),rolinha_roxa,Ruddy_Ground_Dove,,2,,,,,3,12,8,,,,44,69,7,1,10,,,1,20,26,3,,,,15,83,7,6,,,,6,1,,1,1,33,0,16,71,5,1,2,,1,5,,,2,,3,,,19,242
26,Especie,Columbina_squammata_(Lesson_1831),rolinha_fogo_apagou,Scaled_Dove,,3,,,,2,,,1,,,,,6,,,,,,,2,,1,,,,,3,,1,2,,,5,1,2,,,,0,10,21,2,,3,,,,,,,,1,,,6,36
27,Especie,Columbina_picui_(Temminck_1813),rolinha_picui,Picui_Ground_Dove,,,,,,,,,,,,,,0,2,,,,,,,1,,,,,5,8,1,,,,,,,,,,,0,3,4,,2,,,,,,,,,,,,2,14
,Ordem,Cuculiformes_Wagler_1830,,,,,,,,,,,,,,,,,,,,,,,,,,,,,,,,,,,,,,,,,,,,,,,,,,,,,,,,,,,
,Familia,Cuculidae_Leach_1820,,,,,,,,,,,,,,,,,,,,,,,,,,,,,,,,,,,,,,,,,,,,,,,,,,,,,,,,,,,
,Subfamilia,Crotophaginae_Swainson_1837,,,,,,,,,,,,,,,,,,,,,,,,,,,,,,,,,,,,,,,,,,,,,,,,,,,,,,,,,,,
,Genero,Guira_Lesson_1830,,,,,,,,,,,,,,,,,,,,,,,,,,,,,,,,,,,,,,,,,,,,,,,,,,,,,,,,,,,
28,Especie,Guira_guira_(Gmelin_1788),anu_branco,Guira_Cuckoo,,,,,,,,,,,,,,0,,,,,,,5,1,1,,,,1,8,2,,,,,,,2,,,,,,4,,,,,,,1,,1,,,,,2,14
,Genero,Crotophaga_Linnaeus_1758,,,,,,,,,,,,,,,,,,,,,,,,,,,,,,,,,,,,,,,,,,,,,,,,,,,,,,,,,,,
29,Especie,Crotophaga_major_Gmelin_1788,anu_coroca,Greater_Ani,,,,,,,,,,,3,,,3,,,9,,,,,1,,,9,,6,25,,,,,4,2,,20,7,,,1,,34,,,,,2,1,5,1,11,,5,,2,27,89
30,Especie,Crotophaga_ani_Linnaeus_1758,anu_preto,Smooth_billed_Ani,1,,,,,5,2,4,7,,5,15,6,45,4,1,,5,,6,9,4,23,,1,,14,67,,,,,,1,5,,2,,4,2,29,43,,,2,,2,1,2,,7,,,,2,16,171
,Subfamilia,Taperinae_Verheyen_1956,,,,,,,,,,,,,,,,,,,,,,,,,,,,,,,,,,,,,,,,,,,,,,,,,,,,,,,,,,,
,Genero,Dromococcyx_Wied_1832,,,,,,,,,,,,,,,,,,,,,,,,,,,,,,,,,,,,,,,,,,,,,,,,,,,,,,,,,,,
31,Especie,Dromococcyx_phasianellus_(Spix_1824),peixe_frito,Pheasant_Cuckoo,,,,,,,,,1,,1,,,2,,1,,,,,,,,,,,,1,,,,,,,,,,,,,,0,,,,,,,,,,,,,,0,3
,Subfamilia,Cuculinae_Leach_1820,,,,,,,,,,,,,,,,,,,,,,,,,,,,,,,,,,,,,,,,,,,,,,,,,,,,,,,,,,,
,Genero,Piaya_Lesson_1830,,,,,,,,,,,,,,,,,,,,,,,,,,,,,,,,,,,,,,,,,,,,,,,,,,,,,,,,,,,
32,Especie,Piaya_cayana_(Linnaeus_1766),alma_de_gato,Squirrel_Cuckoo,,,,,,,,,,,,,,0,,,,,,,,,,,,,,0,,,,,,,,,,,1,1,,2,,,,,,,,,,,,,,0,2
,Ordem,Caprimulgiformes_Ridgway_1881,,,,,,,,,,,,,,,,,,,,,,,,,,,,,,,,,,,,,,,,,,,,,,,,,,,,,,,,,,,
,Familia,Caprimulgidae_Vigors_1825,,,,,,,,,,,,,,,,,,,,,,,,,,,,,,,,,,,,,,,,,,,,,,,,,,,,,,,,,,,
,Genero,Nyctidromus_Gould_1838,,,,,,,,,,,,,,,,,,,,,,,,,,,,,,,,,,,,,,,,,,,,,,,,,,,,,,,,,,,
33,Especie,Nyctidromus_albicollis_(Gmelin_1789),bacurau,Common_Pauraque,,60,,,,,,,,,,,,60,,52,,,,,,,,,,39,,91,,,,,,,,,,,,,,0,,,,,,,,,,,,,,0,151
,Genero,Nannochordeiles_Hartert_1896,,,,,,,,,,,,,,,,,,,,,,,,,,,,,,,,,,,,,,,,,,,,,,,,,,,,,,,,,,,
34,Especie,Nannochordeiles_pusillus_(Gould_1861),bacurauzinho,Least_Nighthawk,,,14,,,,,,,,,,,14,,,,,,,,,,,,,,0,,,,,,,,,,,,,,0,,,,,,,,,,,,,,0,14
,Genero,Podager_Wagler_1832,,,,,,,,,,,,,,,,,,,,,,,,,,,,,,,,,,,,,,,,,,,,,,,,,,,,,,,,,,,
35,Especie,Podager_nacunda_(Vieillot_1817),corucao,Nacunda_Nighthawk,,,7,,,,,,,,,,,7,,,,,,,,,,,,,,0,,,,,,,,,,,,,,0,,,1,,,,,,,,,,,1,8
,Ordem,Apodiformes_Peters_1940,,,,,,,,,,,,,,,,,,,,,,,,,,,,,,,,,,,,,,,,,,,,,,,,,,,,,,,,,,,
,Familia,Trochilidae_Vigors_1825,,,,,,,,,,,,,,,,,,,,,,,,,,,,,,,,,,,,,,,,,,,,,,,,,,,,,,,,,,,
,Subfamilia,Phaethornithinae_Jardine_1833,,,,,,,,,,,,,,,,,,,,,,,,,,,,,,,,,,,,,,,,,,,,,,,,,,,,,,,,,,,
,Genero,Phaethornis_Swainson_1827,,,,,,,,,,,,,,,,,,,,,,,,,,,,,,,,,,,,,,,,,,,,,,,,,,,,,,,,,,,
36,Especie,Phaethornis_pretrei_(Lesson_&_Delattre_1839),rabo_branco_acanelado,Planalto_Hermit,,,,,,,,,,,,,,0,,,,,,,,,,,,,1,1,,,,,,,,,,,,,,0,,,,,,,,,,,,,,0,1
,Subfamilia,Polytminae_Reichenbach_1849,,,,,,,,,,,,,,,,,,,,,,,,,,,,,,,,,,,,,,,,,,,,,,,,,,,,,,,,,,,
,Genero,Colibri_Spix_1824,,,,,,,,,,,,,,,,,,,,,,,,,,,,,,,,,,,,,,,,,,,,,,,,,,,,,,,,,,,
37,Especie,Colibri_serrirostris_(Vieillot_1816),beija_flor_de_orelha_violeta,White_vented_Violetear,,,,,,,,,,,,,,0,,,,,,,,,,,,,,0,,,,,,,,,,,1,,,1,,,,,,,,,,,,,,0,1
,Subfamilia,Trochilinae_Vigors_1825,,,,,,,,,,,,,,,,,,,,,,,,,,,,,,,,,,,,,,,,,,,,,,,,,,,,,,,,,,,
,Genero,Eupetomena_Gould_1853,,,,,,,,,,,,,,,,,,,,,,,,,,,,,,,,,,,,,,,,,,,,,,,,,,,,,,,,,,,
38,Especie,Eupetomena_macroura_(Gmelin_1788),beija_flor_tesoura,Swallow_tailed_Hummingbird,,,,,,,,,,,,,,0,,,,,,,1,,,,,,,1,,1,,,,,,,,,,,,1,,,,,,,,,,,,,,0,2
,Genero,Chionomesa_Simon_1921,,,,,,,,,,,,,,,,,,,,,,,,,,,,,,,,,,,,,,,,,,,,,,,,,,,,,,,,,,,
39,Especie,Chionomesa_fimbriata_(Gmelin_1788),beija_flor_de_garganta_verde,Glittering_throated_Emerald,,1,,,,,,,1,,,,,2,,1,,,2,,2,,,,,,,5,,2,,,,,,,,,,,,2,,,,,,,,,,,,,,0,9
40,Especie,Chionomesa_lactea_(Lesson_1832),beija_flor_de_peito_azul,Sapphire_spangled_Emerald,,,,,,,,,,,,,,0,,,,,,,,,,,,,,0,,,,,,,,,,,,,,0,,,,,,,,,,,,,,0,0
,Ordem,Gruiformes_Bonaparte_1854,,,,,,,,,,,,,,,,0,,,,,,,,,,,,,,0,,,,,,,,,,,,,,0,,,,,,,,,,,,,,0,0
,Familia,Aramidae_Bonaparte_1852,,,,,,,,,,,,,,,,,,,,,,,,,,,,,,,,,,,,,,,,,,,,,,,,,,,,,,,,,,,
,Genero,Aramus_Vieillot_1816,,,,,,,,,,,,,,,,,,,,,,,,,,,,,,,,,,,,,,,,,,,,,,,,,,,,,,,,,,,
41,Especie,Aramus_guarauna_(Linnaeus_1766),carao,Limpkin,,1,,,,,,,,,,,,1,,,,,,,,,,,,,1,1,,,,,,,,,,,,,,0,,,,,,,,,,,,,,0,2
,Familia,Rallidae_Rafinesque_1815,,,,,,,,,,,,,,,,,,,,,,,,,,,,,,,,,,,,,,,,,,,,,,,,,,,,,,,,,,,
,Genero,Porphyrio_Brisson_1760,,,,,,,,,,,,,,,,,,,,,,,,,,,,,,,,,,,,,,,,,,,,,,,,,,,,,,,,,,,
42,Especie,Porphyrio_martinica_(Linnaeus_1766),frango_dagua_azul,Purple_Gallinule,,,,,,,,,,,,,,0,,,,,,,,,,,,,,0,,,,,,,,,,,1,,,1,,,,,,,,,,,2,,,2,3
,Genero,Mustelirallus_Bonaparte_1856,,,,,,,,,,,,,,,,,,,,,,,,,,,,,,,,,,,,,,,,,,,,,,,,,,,,,,,,,,,
43,Especie,Mustelirallus_albicollis_(Vieillot_1819),sana_carijo,Ash_throated_Crake,,,,,,,,,1,,,,,1,,,,,,,,,,,,,,0,,,,,,,,,,,,,,0,,,,,,,,,,,,,,0,1
,Genero,Aramides_Pucheran_1845,,,,,,,,,,,,,,,,,,,,,,,,,,,,,,,,,,,,,,,,,,,,,,,,,,,,,,,,,,,
44,Especie,Aramides_cajaneus_(Statius_Muller_1776),saracura_tres_potes,Gray_necked_Wood_Rail,,1,,,,,1,,,,3,,,5,,10,,,,,,,,,,,3,13,,,,,,,,,,,3,0,2,5,,,,,,,,,,,,,,0,23
45,Especie,Aramides_saracura_(Spix_1825),saracura_do_mato,Slaty_breasted_Wood_Rail,,,,,,,,,,,,2,,2,,,,,,,,,,,,,,0,,,,,,,,,,,,,,0,,,,,,,,,,,,,,0,2
,Genero,Gallinula_Brisson_1760,,,,,,,,,,,,,,,,,,,,,,,,,,,,,,,,,,,,,,,,,,,,,,,,,,,,,,,,,,,
46,Especie,Gallinula_galeata_(Lichtenstein_1818),galinha_dagua,Common_Gallinule,,,,,,,,,,,,,,0,,,,,,,,,,,,,,0,,,,,,,,,,,,,,0,,,,,,,,1,,,2,,,3,3
,Ordem,Charadriiformes_Huxley_1867,,,,,,,,,,,,,,,,,,,,,,,,,,,,,,,,,,,,,,,,,,,,,,,,,,,,,,,,,,,
,Familia,Charadriidae_Leach_1820,,,,,,,,,,,,,,,,,,,,,,,,,,,,,,,,,,,,,,,,,,,,,,,,,,,,,,,,,,,
,Genero,Vanellus_Brisson_1760,,,,,,,,,,,,,,,,,,,,,,,,,,,,,,,,,,,,,,,,,,,,,,,,,,,,,,,,,,,
47,Especie,Vanellus_cayanus_(Latham_1790),mexeriqueira,Pied_Lapwing,,1,37,,,,,4,,2,,5,,49,,,3,,,,,,,,,,,3,,,3,,,,,1,,,2,,,6,,,,,,,,,,,,,,0,58
48,Especie,Vanellus_chilensis_(Molina_1782),quero_quero,Southern_Lapwing,1,1,49,,,,2,,,,4,3,6,66,,2,13,,,,12,5,4,11,,,12,59,2,3,25,,,,,6,4,2,2,0,10,54,2,,23,,,,,4,,3,3,,,35,214
,Genero,Charadrius_Linnaeus_1758,,,,,,,,,,,,,,,,,,,,,,,,,,,,,,,,,,,,,,,,,,,,,,,,,,,,,,,,,,,
49,Especie,Charadrius_collaris_Vieillot_1818,batuira_de_coleira,Collared_Plover,,2,83,,,,,5,,,3,13,,106,,3,5,,,,,5,,,,,,13,,,5,,,,,1,,,,,,6,,,,,,,,,,,,,,0,125
,Familia,Recurvirostridae_Bonaparte_1831,,,,,,,,,,,,,,,,,,,,,,,,,,,,,,,,,,,,,,,,,,,,,,,,,,,,,,,,,,,
,Genero,Himantopus_Brisson_1760,,,,,,,,,,,,,,,,,,,,,,,,,,,,,,,,,,,,,,,,,,,,,,,,,,,,,,,,,,,
50,Especie,Himantopus_mexicanus_(Statius_Muller_1776),pernilongo_de_costas_negras,Black_necked_Stilt,,,3,,,,,,,,,3,1,7,,,,,,,,,,5,,,,5,,,,,,,,,,,,,,0,,,,,,,,,,,,,,0,12
51,Especie,Himantopus_melanurus_Vieillot_1817,pernilongo_de_costas_brancas,White_backed_Stilt,,1,19,,,,,,,8,,13,1,42,,,,,,,,,,41,,,5,46,,,27,,,,,,,,,,,27,,,10,,,,,,,,,,,10,125
,Familia,Scolopacidae_Rafinesque_1815,,,,,,,,,,,,,,,,,,,,,,,,,,,,,,,,,,,,,,,,,,,,,,,,,,,,,,,,,,,
,Subfamilia,Tringinae_Rafinesque_1815,,,,,,,,,,,,,,,,,,,,,,,,,,,,,,,,,,,,,,,,,,,,,,,,,,,,,,,,,,,
,Genero,Tringa_Linnaeus_1758,,,,,,,,,,,,,,,,,,,,,,,,,,,,,,,,,,,,,,,,,,,,,,,,,,,,,,,,,,,
52,Especie,Tringa_solitaria_Wilson_1813,macarico_solitario,Solitary_Sandpiper,,,,,,,,,,,,,,0,,,,,,,,,,,,,,0,,,1,,,,,2,,,,,,3,,,1,,,,,,,,,,,1,4
53,Especie,Tringa_melanoleuca_(Gmelin_1789),macarico_grande_de_perna_amarela,Greater_Yellowlegs,,,,,,,,,,,,,,0,,,,,,,,,,,,,,0,,,1,,,,,,,,,,,1,,,2,,,,,,,,,,,2,3
54,Especie,Tringa_flavipes_(Gmelin_1789),macarico_de_perna_amarela,Lesser_Yellowlegs,,,68,,,,,,,,,,,68,,,,,,,,,,,,,,0,,,5,,,,,,,,,,,5,,,1,,,,,,,,,,,1,74
,Familia,Jacanidae_Chenu_&_Des_Murs_1854,,,,,,,,,,,,,,,,,,,,,,,,,,,,,,,,,,,,,,,,,,,,,,,,,,,,,,,,,,,
,Genero,Jacana_Brisson_1760,,,,,,,,,,,,,,,,,,,,,,,,,,,,,,,,,,,,,,,,,,,,,,,,,,,,,,,,,,,
55,Especie,Jacana_jacana_(Linnaeus_1766),jacana,Wattled_Jacana,,,2,,,,,,,3,1,,10,16,,1,,,,,,2,,11,7,,10,31,,,18,,,2,,2,,3,15,0,5,45,,,4,,,,,,,,11,,,15,107
,Familia,Laridae_Rafinesque_1815,,,,,,,,,,,,,,,,,,,,,,,,,,,,,,,,,,,,,,,,,,,,,,,,,,,,,,,,,,,
,Subfamilia,Rynchopinae_Bonaparte_1838,,,,,,,,,,,,,,,,,,,,,,,,,,,,,,,,,,,,,,,,,,,,,,,,,,,,,,,,,,,
,Genero,Rynchops_Linnaeus_1758,,,,,,,,,,,,,,,,,,,,,,,,,,,,,,,,,,,,,,,,,,,,,,,,,,,,,,,,,,,
56,Especie,Rynchops_niger_Linnaeus_1758,talha_mar,Black_Skimmer,,,294,5,,,,62,,63,1,16,,441,,,,,,,,10,,1,,,,11,,,2,,,,,,,,,,,2,,,,,,,,,,,,,,0,454
,Subfamilia,Sterninae_Vigors_1825,,,,,,,,,,,,,,,,,,,,,,,,,,,,,,,,,,,,,,,,,,,,,,,,,,,,,,,,,,,
,Genero,Sternula_Boie_1822,,,,,,,,,,,,,,,,,,,,,,,,,,,,,,,,,,,,,,,,,,,,,,,,,,,,,,,,,,,
57,Especie,Sternula_superciliaris_(Vieillot_1819),trinta_reis_pequeno,Yellow_billed_Tern,,,75,,,2,,2,3,39,,,,121,,1,,,,,1,1,,,5,,,8,,1,3,,1,,,,,,1,,,6,,1,1,4,,,,,,2,14,,,22,157
,Genero,Phaetusa_Wagler_1832,,,,,,,,,,,,,,,,,,,,,,,,,,,,,,,,,,,,,,,,,,,,,,,,,,,,,,,,,,,
58,Especie,Phaetusa_simplex_(Gmelin_1789),trinta_reis_grande,Large_billed_Tern,,,267,1,,,3,24,10,75,2,72,1,455,,6,,,,,,5,,16,3,,,30,,,68,5,,,,7,,,,,,80,,,,,,,,1,,,,,,1,566
,Ordem,Eurypygiformes_Fürbringer_1888,,,,,,,,,,,,,,,,,,,,,,,,,,,,,,,,,,,,,,,,,,,,,,,,,,,,,,,,,,,
,Familia,Eurypygidae_Selby_1840,,,,,,,,,,,,,,,,,,,,,,,,,,,,,,,,,,,,,,,,,,,,,,,,,,,,,,,,,,,
,Genero,Eurypyga_Illiger_1811,,,,,,,,,,,,,,,,,,,,,,,,,,,,,,,,,,,,,,,,,,,,,,,,,,,,,,,,,,,
59,Especie,Eurypyga_helias_(Pallas_1781),pavaozinho_do_para,Sunbittern,,,,,,,,,,,,,,0,,,,,,,,1,,,2,,,3,,,,,,,,,,,,,,0,,,,,,,,,,,,,,0,3
,Ordem,Ciconiiformes_Bonaparte_1854,,,,,,,,,,,,,,,,,,,,,,,,,,,,,,,,,,,,,,,,,,,,,,,,,,,,,,,,,,,
,Familia,Ciconiidae_Sundevall_1836,,,,,,,,,,,,,,,,,,,,,,,,,,,,,,,,,,,,,,,,,,,,,,,,,,,,,,,,,,,
,Genero,Ciconia_Brisson_1760,,,,,,,,,,,,,,,,,,,,,,,,,,,,,,,,,,,,,,,,,,,,,,,,,,,,,,,,,,,
60,Especie,Ciconia_maguari_(Gmelin_1789),maguari,Maguari_Stork,,,,,,,,,,,,,3,3,,,,,,,,,,,,,7,7,,,,,,,,,,,,,,0,,,,,,,,,,,,,,0,10
,Genero,Jabiru_Hellmayr_1906,,,,,,,,,,,,,,,,,,,,,,,,,,,,,,,,,,,,,,,,,,,,,,,,,,,,,,,,,,,
61,Especie,Jabiru_mycteria_(Lichtenstein_1819),tuiuiu,Jabiru,,2,,1,,,1,,,,1,,,5,,,3,,,,,,2,,,,5,10,,,2,,,,,,,2,,0,1,5,,,,,,,,,,,,,,0,20
,Genero,Mycteria_Linnaeus_1758,,,,,,,,,,,,,,,,,,,,,,,,,,,,,,,,,,,,,,,,,,,,,,,,,,,,,,,,,,,
62,Especie,Mycteria_americana_Linnaeus_1758,cabeca_seca,Wood_Stork,,,,,,,3,4,2,,,18,,27,96,1,,2,2,7,,,,,,,,108,1,,1,,,,1,,,,2,,,5,,,,,,,,,,,,,,0,140
,Ordem,Suliformes_Sharpe_1891,,,,,,,,,,,,,,,,,,,,,,,,,,,,,,,,,,,,,,,,,,,,,,,,,,,,,,,,,,,
,Familia,Anhingidae_Reichenbach_1849,,,,,,,,,,,,,,,,,,,,,,,,,,,,,,,,,,,,,,,,,,,,,,,,,,,,,,,,,,,
,Genero,Anhinga_Brisson_1760,,,,,,,,,,,,,,,,,,,,,,,,,,,,,,,,,,,,,,,,,,,,,,,,,,,,,,,,,,,
63,Especie,Anhinga_anhinga_(Linnaeus_1766),biguatinga,Anhinga,,,,7,2,2,4,3,19,,3,31,1,72,,2,,,1,6,2,8,4,,,,1,24,,,,,2,2,5,3,3,4,4,2,,25,,,,,,3,1,1,2,,2,,,9,130
,Familia,Phalacrocoracidae_Reichenbach_1849,,,,,,,,,,,,,,,,,,,,,,,,,,,,,,,,,,,,,,,,,,,,,,,,,,,,,,,,,,,
,Genero,Nannopterum_Sharpe_1899,,,,,,,,,,,,,,,,,,,,,,,,,,,,,,,,,,,,,,,,,,,,,,,,,,,,,,,,,,,
64,Especie,Nannopterum_brasilianum_(Gmelin_1789),bigua,Neotropic_Cormorant,,1,14,7,20,2,6,7,6,211,16,103,1,394,,2,,,,,21,3,5,4,9,,2,46,,,2,2,,,3,1,,13,3,15,,39,,,13,,,2,5,1,7,1,13,6,,48,527
,Ordem,Pelecaniformes_Sharpe_1891,,,,,,,,,,,,,,,,,,,,,,,,,,,,,,,,,,,,,,,,,,,,,,,,,,,,,,,,,,,
,Familia,Ardeidae_Leach_1820,,,,,,,,,,,,,,,,,,,,,,,,,,,,,,,,,,,,,,,,,,,,,,,,,,,,,,,,,,,
,Genero,Tigrisoma_Swainson_1827,,,,,,,,,,,,,,,,,,,,,,,,,,,,,,,,,,,,,,,,,,,,,,,,,,,,,,,,,,,
65,Especie,Tigrisoma_lineatum_(Boddaert_1783),soco_boi,Rufescent_Tiger_Heron,,,,,1,,,,1,,6,15,1,24,,,,,,,2,1,,,5,,1,9,,,,,,,1,,1,1,3,2,,8,,,,,,,,,,1,6,,,7,48
,Genero,Cochlearius_Brisson_1760,,,,,,,,,,,,,,,,,,,,,,,,,,,,,,,,,,,,,,,,,,,,,,,,,,,,,,,,,,,
66,Especie,Cochlearius_cochlearius_(Linnaeus_1766),arapapa,Boat_billed_Heron,,,,,,,,5,,,,,,5,,,,,,,,,,,,,,0,,,,,,,6,,,,,,,6,,,,,,,,,,,,,,0,11
,Genero,Botaurus_Stephens_1819,,,,,,,,,,,,,,,,,,,,,,,,,,,,,,,,,,,,,,,,,,,,,,,,,,,,,,,,,,,
67,Especie,Botaurus_pinnatus_(Wagler_1829),soco_boi_baio,Pinnated_Bittern,,,,,,,,,,,,,,0,,,,,,,,,,,,,,0,,,,,,,1,,,,,,,1,,,,,,,,,,,,,,0,1
,Genero,Nycticorax_Forster_1817,,,,,,,,,,,,,,,,,,,,,,,,,,,,,,,,,,,,,,,,,,,,,,,,,,,,,,,,,,,
68,Especie,Nycticorax_nycticorax_(Linnaeus_1758),soco_dorminhoco,Black_crowned_Night_Heron,,,,,,,22,,1,,,17,,40,,,,2,,,,6,,,,,,8,,,,,,,,,,,,,,0,,,,,,,,,,,,,,0,48
,Genero,Butorides_Blyth_1852,,,,,,,,,,,,,,,,,,,,,,,,,,,,,,,,,,,,,,,,,,,,,,,,,,,,,,,,,,,
69,Especie,Butorides_striata_(Linnaeus_1758),socozinho,Striated_Heron,,,,,,,1,,8,,12,65,,86,,,,1,2,1,3,7,6,,7,,,27,,,,,,,2,1,3,,6,3,,15,,,,1,1,1,1,,3,,10,,,17,145
,Genero,Bubulcus_Bonaparte_1855,,,,,,,,,,,,,,,,,,,,,,,,,,,,,,,,,,,,,,,,,,,,,,,,,,,,,,,,,,,
70,Especie,Bubulcus_ibis_(Linnaeus_1758),garca_vaqueira,Cattle_Egret,,,,,,,,,2,,,,3,5,,,,,,,,1,,2,,,4,7,,,,,,,,,,,1,,,1,,,,,,,,,,,,,,0,13
,Genero,Ardea_Linnaeus_1758,,,,,,,,,,,,,,,,,,,,,,,,,,,,,,,,,,,,,,,,,,,,,,,,,,,,,,,,,,,
71,Especie,Ardea_cocoi_Linnaeus_1766,garca_moura,Cocoi_Heron,,1,,5,6,2,11,1,6,4,9,35,2,82,,3,2,3,,9,12,8,3,7,4,,,51,,1,3,5,2,2,7,3,,18,15,2,2,60,,,1,2,1,,,2,,4,5,,8,23,216
72,Especie,Ardea_alba_Linnaeus_1758,garca_branca_grande,Great_Egret,,1,1,7,,1,12,8,4,6,3,40,1,84,,,,1,,,12,1,,1,,,1,16,,,4,3,,2,2,2,,5,1,1,1,21,,,53,,,3,1,2,3,1,7,,,70,191
,Genero,Syrigma_Ridgway_1878,,,,,,,,,,,,,,,,,,,,,,,,,,,,,,,,,,,,,,,,,,,,,,,,,,,,,,,,,,,
73,Especie,Syrigma_sibilatrix_(Temminck_1824),maria_faceira,Whistling_Heron,,,3,,,,,1,,,,,,4,,,,,,,,,,,,,,0,,,,,,,,,,,,,,0,,,1,,,,,,,,,,,1,5
,Genero,Pilherodius_Reichenbach_1853,,,,,,,,,,,,,,,,,,,,,,,,,,,,,,,,,,,,,,,,,,,,,,,,,,,,,,,,,,,
74,Especie,Pilherodius_pileatus_(Boddaert_1783),garca_real,Capped_Heron,,,,,,,1,,,,,,,1,,,,,,,,,,,,,,0,,,,,,,,,,,1,,,1,,,,,,,,,,,,,,0,2
,Genero,Egretta_Forster_1817,,,,,,,,,,,,,,,,,,,,,,,,,,,,,,,,,,,,,,,,,,,,,,,,,,,,,,,,,,,
75,Especie,Egretta_thula_(Molina_1782),garca_branca_pequena,Snowy_Egret,,,1,3,2,3,2,,2,4,11,37,,65,,,,,,,,7,,1,,,,8,,,,,,,,,,5,1,,,6,,,3,,,,,2,1,15,,,,21,100
76,Especie,Egretta_caerulea_(Linnaeus_1758),garca_azul,Little_Blue_Heron,,1,1,,,,,,4,1,2,,,9,,,,,,,,,,1,,,,1,,,,,,,,,,,1,,,1,,,,,,,,,,,,,,0,11
,Familia,Threskiornithidae_Poche_1904,,,,,,,,,,,,,,,,,,,,,,,,,,,,,,,,,,,,,,,,,,,,,,,,,,,,,,,,,,,
,Genero,Plegadis_Kaup_1829,,,,,,,,,,,,,,,,,,,,,,,,,,,,,,,,,,,,,,,,,,,,,,,,,,,,,,,,,,,
77,Especie,Plegadis_chihi_(Vieillot_1817),carauna,White_faced_Ibis,,,,,,,,,,,,,,0,,,,,,,,,,,,,,0,,,1,,,,,,,,,,,1,,,,,,,,,,,,,,0,1
,Genero,Mesembrinibis_Peters_1930,,,,,,,,,,,,,,,,,,,,,,,,,,,,,,,,,,,,,,,,,,,,,,,,,,,,,,,,,,,
78,Especie,Mesembrinibis_cayennensis_(Gmelin_1789),coro_coro,Green_Ibis,,,6,,,,,,,,,,1,7,,,,,,,76,1,,,,,15,92,,,3,,,,,3,1,1,1,,,9,,,,,,,,,,,3,,,3,111
,Genero,Phimosus_Wagler_1832,,,,,,,,,,,,,,,,,,,,,,,,,,,,,,,,,,,,,,,,,,,,,,,,,,,,,,,,,,,
79,Especie,Phimosus_infuscatus_(Lichtenstein_1823),tapicuru,Bare_faced_Ibis,,,80,,,,1,,,3,,12,2,98,,,,,,,15,,,12,,,16,43,,,1,,,,3,,,,,,,4,,,,,,,,,,,1,,,1,146
,Genero,Theristicus_Wagler_1832,,,,,,,,,,,,,,,,,,,,,,,,,,,,,,,,,,,,,,,,,,,,,,,,,,,,,,,,,,,
80,Especie,Theristicus_caerulescens_(Vieillot_1817),curicaca_real,Plumbeous_Ibis,,,,,,,,,,,,,,0,,,,,,,,,,,,,2,2,,,,,,,,,,,,,,0,,,,,,,,1,,,,,,1,3
81,Especie,Theristicus_caudatus_(Boddaert_1783),curicaca,Buff_necked_Ibis,,3,14,,,,7,1,,2,,,2,29,1,2,2,,,,6,,,4,,,2,17,2,,,,,,,,,,2,,2,6,,,12,,,,4,,,,,,,16,68
,Genero,Platalea_Linnaeus_1758,,,,,,,,,,,,,,,,,,,,,,,,,,,,,,,,,,,,,,,,,,,,,,,,,,,,,,,,,,,
82,Especie,Platalea_ajaja_Linnaeus_1758,colhereiro,Roseate_Spoonbill,,,7,,,,1,,2,,2,32,,44,,,,,,,34,,,,,,,34,,,44,,,,,,,,,,1,45,,,,,,,,,,,,,,0,123
,Ordem,Cathartiformes_Seebohm_1890,,,,,,,,,,,,,,,,,,,,,,,,,,,,,,,,,,,,,,,,,,,,,,,,,,,,,,,,,,,
,Familia,Cathartidae_Lafresnaye_1839,,,,,,,,,,,,,,,,,,,,,,,,,,,,,,,,,,,,,,,,,,,,,,,,,,,,,,,,,,,
,Genero,Coragyps_Le_Maout_1853,,,,,,,,,,,,,,,,,,,,,,,,,,,,,,,,,,,,,,,,,,,,,,,,,,,,,,,,,,,
83,Especie,Coragyps_atratus_(Bechstein_1793),urubu_preto,Black_Vulture,,2,1,3,,2,42,44,10,3,16,,103,226,,2,41,,3,9,51,97,4,,,,6,213,1,,4,,5,14,2,4,3,,31,,2,66,,,,4,2,93,6,14,5,,3,,12,139,644
,Genero,Cathartes_Illiger_1811,,,,,,,,,,,,,,,,,,,,,,,,,,,,,,,,,,,,,,,,,,,,,,,,,,,,,,,,,,,
84,Especie,Cathartes_aura_(Linnaeus_1758),urubu_de_cabeca_vermelha,Turkey_Vulture,,,,,,,,,1,,7,,,8,,1,,,,,1,,,,1,,5,8,,,,,,,,1,,1,,,,2,,,,,,4,,,,,1,,,5,23
85,Especie,Cathartes_burrovianus_Cassin_1845,urubu_de_cabeca_amarela,Lesser_Yellow_headed_Vulture,,2,,,,,2,,2,,,,,6,,,,,,,2,1,,,,,1,4,,,,,,,,,2,1,10,,1,14,,,,,1,2,,,,,,,,3,27
,Ordem,Accipitriformes_Bonaparte_1831,,,,,,,,,,,,,,,,,,,,,,,,,,,,,,,,,,,,,,,,,,,,,,,,,,,,,,,,,,,
,Familia,Pandionidae_Bonaparte_1854,,,,,,,,,,,,,,,,,,,,,,,,,,,,,,,,,,,,,,,,,,,,,,,,,,,,,,,,,,,
,Genero,Pandion_Savigny_1809,,,,,,,,,,,,,,,,,,,,,,,,,,,,,,,,,,,,,,,,,,,,,,,,,,,,,,,,,,,
86,Especie,Pandion_haliaetus_(Linnaeus_1758),aguia_pescadora,Osprey,,,,,,,,1,,,,,,1,,,,,,,,3,,,1,,,4,,,,1,,,,,,1,,,,2,,,,,,,,,,,,,,0,7
,Familia,Accipitridae_Vigors_1824,,,,,,,,,,,,,,,,,,,,,,,,,,,,,,,,,,,,,,,,,,,,,,,,,,,,,,,,,,,
,Subfamilia,Accipitrininae_Vigors_1824,,,,,,,,,,,,,,,,,,,,,,,,,,,,,,,,,,,,,,,,,,,,,,,,,,,,,,,,,,,
,Genero,Busarellus_Lesson_1843,,,,,,,,,,,,,,,,,,,,,,,,,,,,,,,,,,,,,,,,,,,,,,,,,,,,,,,,,,,
87,Especie,Busarellus_nigricollis_(Latham_1790),gaviao_belo,Black_collared_Hawk,,,,,,,,,,,2,1,1,4,,,,,,,1,,1,,2,,,4,1,,,,,,,1,,,3,,1,6,,,,1,,,1,,,,4,,,6,20
,Genero,Rostrhamus_Lesson_1830,,,,,,,,,,,,,,,,,,,,,,,,,,,,,,,,,,,,,,,,,,,,,,,,,,,,,,,,,,,
88,Especie,Rostrhamus_sociabilis_(Vieillot_1817),gaviao_caramujeiro,Snail_Kite,,1,,,,,2,,3,,,2,1,9,,,,,,,,,,,,,,0,,,,,,1,,,2,,,,,3,,,,,,,,,,,,,,0,12
,Genero,Harpagus_Vigors_1824,,,,,,,,,,,,,,,,,,,,,,,,,,,,,,,,,,,,,,,,,,,,,,,,,,,,,,,,,,,
89,Especie,Harpagus_diodon_(Temminck_1823),gaviao_bombachinha,Rufous_thighed_Kite,,,,,,,,2,,,,,,2,,,,,,,,,,,,,,0,,,,,,,,,,,,,,0,,,,,,,,,,,,,,0,2
,Genero,Circus_Lacepède_1799,,,,,,,,,,,,,,,,,,,,,,,,,,,,,,,,,,,,,,,,,,,,,,,,,,,,,,,,,,,
90,Especie,Circus_buffoni_(Gmelin_1788),gaviao_do_banhado,Long_winged_Harrier,,1,,,,,,,,,,,,1,,,,,,,,,,,,,,0,,,,,,,,,1,,,,,1,,,,,,,,,,,,,,0,2
,Genero,Geranospiza_Kaup_1847,,,,,,,,,,,,,,,,,,,,,,,,,,,,,,,,,,,,,,,,,,,,,,,,,,,,,,,,,,,
91,Especie,Geranospiza_caerulescens_(Vieillot_1817),gaviao_pernilongo,Crane_Hawk,,,,,,,,,,,,,,0,,,,,,,,,,1,,,,1,,,,,,,,,,,,,,0,,,,,,,,,,,,,,0,1
,Genero,Heterospizias_Sharpe_1874,,,,,,,,,,,,,,,,,,,,,,,,,,,,,,,,,,,,,,,,,,,,,,,,,,,,,,,,,,,
92,Especie,Heterospizias_meridionalis_(Latham_1790),gaviao_caboclo,Savanna_Hawk,,,,,,,,,,,,,,0,,,,,,,,1,,,,,,1,,,,,,,,,,,,,,0,,,,,,,,,,,,,,0,1
,Genero,Urubitinga_Lafresnaye_1842,,,,,,,,,,,,,,,,,,,,,,,,,,,,,,,,,,,,,,,,,,,,,,,,,,,,,,,,,,,
93,Especie,Urubitinga_urubitinga_(Gmelin_1788),gaviao_preto,Great_Black_Hawk,,,,,,,1,,,,,,,1,,,,,,2,,,,,,,,2,,,,,,1,,,1,,,,,2,,,,,,,,,,,,,,0,5
,Genero,Rupornis_Kaup_1844,,,,,,,,,,,,,,,,,,,,,,,,,,,,,,,,,,,,,,,,,,,,,,,,,,,,,,,,,,,
94,Especie,Rupornis_magnirostris_(Gmelin_1788),gaviao_carijo,Roadside_Hawk,,,,,1,,,1,,,,,,2,1,,,,,,,,,,,,,1,,,,,2,1,1,1,2,,,,1,8,,,,,,,1,,,,,,,1,12
,Genero,Parabuteo_Ridgway_1874,,,,,,,,,,,,,,,,,,,,,,,,,,,,,,,,,,,,,,,,,,,,,,,,,,,,,,,,,,,
95,Especie,Parabuteo_unicinctus_(Temminck_1824),gaviao_asa_de_telha,Harris's_Hawk,,,,,,,,1,,,,,,1,,,,,,,,,,,,,,0,,,,,,,1,,,,,,1,2,,,,,,,,,,,,,,0,3
,Ordem,Strigiformes_Wagler_1830,,,,,,,,,,,,,,,,,,,,,,,,,,,,,,,,,,,,,,,,,,,,,,,,,,,,,,,,,,,
,Familia,Strigidae_Leach_1820,,,,,,,,,,,,,,,,,,,,,,,,,,,,,,,,,,,,,,,,,,,,,,,,,,,,,,,,,,,
,Genero,Athene_Boie_1822,,,,,,,,,,,,,,,,,,,,,,,,,,,,,,,,,,,,,,,,,,,,,,,,,,,,,,,,,,,
96,Especie,Athene_cunicularia_(Molina_1782),coruja_buraqueira,Burrowing_Owl,2,,2,,,,,,,,,,,4,2,,10,,,,,,,,,,,12,,,4,,,,,,,,,,,4,,,4,,,,,,,,,,,4,24
,Ordem,Coraciiformes_Forbes_1844,,,,,,,,,,,,,,,,0,,,,,,,,,,,,,,0,,,,,,,,,,,,,,0,,,,,,,,,,,,,,,
,Familia,Alcedinidae_Rafinesque_1815,,,,,,,,,,,,,,,,,,,,,,,,,,,,,,,,,,,,,,,,,,,,,,,,,,,,,,,,,,,
,Genero,Megaceryle_Kaup_1848,,,,,,,,,,,,,,,,,,,,,,,,,,,,,,,,,,,,,,,,,,,,,,,,,,,,,,,,,,,
97,Especie,Megaceryle_torquata_(Linnaeus_1766),martim_pescador_grande,Ringed_Kingfisher,,1,,,,1,3,3,6,1,11,4,1,31,,,,,2,2,2,5,,1,14,,,26,,,,,2,,3,,2,1,7,,1,16,,,,,,,,1,,,6,,,7,80
,Genero,Chloroceryle_Kaup_1848,,,,,,,,,,,,,,,,,,,,,,,,,,,,,,,,,,,,,,,,,,,,,,,,,,,,,,,,,,,
98,Especie,Chloroceryle_amazona_(Latham_1790),martim_pescador_verde,Amazon_Kingfisher,,1,,3,,,1,,7,,7,5,,24,,,,,,,1,1,1,,8,,1,12,,,,,,,,1,3,,6,,,10,,,,,,,,,1,,5,,,6,52
99,Especie,Chloroceryle_aenea_(Pallas_1764),martim_pescador_miudo,American_Pygmy_Kingfisher,,,,,,,,,,,,,,0,,,,,,,,,,,,,,0,,,,,,,,,,,1,,,1,,,,,,,,,,,,,,0,1
100,Especie,Chloroceryle_americana_(Gmelin_1788),martim_pescador_pequeno,Green_Kingfisher,,,,,,,,,1,,1,,,2,,,,,,1,,,,,2,,,3,,,,,,,1,,,,,,,1,,,,,,,,,,,,,,0,6
,Ordem,Galbuliformes_Fürbringer_1888,,,,,,,,,,,,,,,,,,,,,,,,,,,,,,,,,,,,,,,,,,,,,,,,,,,,,,,,,,,
,Familia,Galbulidae_Vigors_1825,,,,,,,,,,,,,,,,,,,,,,,,,,,,,,,,,,,,,,,,,,,,,,,,,,,,,,,,,,,
,Genero,Galbula_Brisson_1760,,,,,,,,,,,,,,,,,,,,,,,,,,,,,,,,,,,,,,,,,,,,,,,,,,,,,,,,,,,
101,Especie,Galbula_ruficauda_Cuvier_1816,ariramba_de_cauda_ruiva,Rufous_tailed_Jacamar,,1,,,,,,,2,,,,,3,,,,,2,,,3,,,,,,5,,1,,,,,,,,,,,,1,,,,,,,,,,,,,,0,9
,Familia,Bucconidae_Horsfield_1821,,,,,,,,,,,,,,,,,,,,,,,,,,,,,,,,,,,,,,,,,,,,,,,,,,,,,,,,,,,
,Subfamilia,Bucconinae_Horsfield_1821,,,,,,,,,,,,,,,,,,,,,,,,,,,,,,,,,,,,,,,,,,,,,,,,,,,,,,,,,,,
,Genero,Monasa_Vieillot_1816,,,,,,,,,,,,,,,,,,,,,,,,,,,,,,,,,,,,,,,,,,,,,,,,,,,,,,,,,,,
102,Especie,Monasa_nigrifrons_(Spix_1824),chora_chuva_preto,Black_fronted_Nunbird,1,,,,,,,2,1,,,,,4,,,,,,,,,,,,,,0,,,,,,2,,,,,,,,2,,,,,,,,,,,,,,0,6
,Ordem,Piciformes_Meyer_&_Wolf_1810,,,,,,,,,,,,,,,,,,,,,,,,,,,,,,,,,,,,,,,,,,,,,,,,,,,,,,,,,,,
,Familia,Ramphastidae_Vigors_1825,,,,,,,,,,,,,,,,,,,,,,,,,,,,,,,,,,,,,,,,,,,,,,,,,,,,,,,,,,,
,Genero,Ramphastos_Linnaeus_1758,,,,,,,,,,,,,,,,,,,,,,,,,,,,,,,,,,,,,,,,,,,,,,,,,,,,,,,,,,,
103,Especie,Ramphastos_toco_Statius_Muller_1776,tucanucu,Toco_Toucan,,,,,,,2,1,,,,,,3,,,,,,,,,,,,,,0,,,,,,,,2,,,1,,,3,,,,,,,,2,,,,,,2,8
,Genero,Pteroglossus_Illiger_1811,,,,,,,,,,,,,,,,,,,,,,,,,,,,,,,,,,,,,,,,,,,,,,,,,,,,,,,,,,,
104,Especie,Pteroglossus_castanotis_Gould_1834,aracari_castanho,Chestnut_eared_Aracari,,,,,,3,,,,,,,,3,,,,,,,,,,,,,,0,,,,,,,,,,,,0,5,5,,,,,,,,,,,,,,0,8
,Familia,Picidae_Leach_1820,,,,,,,,,,,,,,,,,,,,,,,,,,,,,,,,,,,,,,,,,,,,,,,,,,,,,,,,,,,
,Subfamilia,Picumninae_Gray_1840,,,,,,,,,,,,,,,,,,,,,,,,,,,,,,,,,,,,,,,,,,,,,,,,,,,,,,,,,,,
,Genero,Picumnus_Temminck_1825,,,,,,,,,,,,,,,,,,,,,,,,,,,,,,,,,,,,,,,,,,,,,,,,,,,,,,,,,,,
105,Especie,Picumnus_pygmaeus_(Lichtenstein_1823),picapauzinho_pintado,Spotted_Piculet,,,,,,,,,,,,,,0,,,,,,,,,,,,,1,1,,,,,,,,,,,,,,0,,,,,,,,,,,,,,0,1
,Subfamilia,Picinae_Leach_1820,,,,,,,,,,,,,,,,,,,,,,,,,,,,,,,,,,,,,,,,,,,,,,,,,,,,,,,,,,,
,Genero,Melanerpes_Swainson_1832,,,,,,,,,,,,,,,,,,,,,,,,,,,,,,,,,,,,,,,,,,,,,,,,,,,,,,,,,,,
106,Especie,Melanerpes_candidus_(Otto_1796),pica_pau_branco,White_Woodpecker,,,,,,,,,,,,,,0,,,,,,,,,,,,,,0,,,,,,,,,,,,,,0,,,,,,1,,,,,,,,1,1
107,Especie,Melanerpes_cruentatus_(Boddaert_1783),benedito_de_testa_vermelha,Yellow_tufted_Woodpecker,,,,,,,,,,,,,,0,,,,,,,,,,,,,2,2,,,,,,,,,,,,,,0,,,,,,,,,,,,,,0,2
,Genero,Veniliornis_Bonaparte_1854,,,,,,,,,,,,,,,,,,,,,,,,,,,,,,,,,,,,,,,,,,,,,,,,,,,,,,,,,,,
108,Especie,Veniliornis_passerinus_(Linnaeus_1766),pica_pau_pequeno,Little_Woodpecker,,,,,,,,,,,,,,0,,1,,,,,,,,,,,,1,,1,,,,,,,,,,,1,2,,,,,,,,,,,,,,0,3
,Genero,Campephilus_Gray_1840,,,,,,,,,,,,,,,,,,,,,,,,,,,,,,,,,,,,,,,,,,,,,,,,,,,,,,,,,,,
109,Especie,Campephilus_melanoleucos_(Gmelin_1788),pica_pau_de_topete_vermelho,Crimson_crested_Woodpecker,,,,,,,,,,,,,,0,,,,,,,,,,,,,,0,,,,,,,,,,,,,2,2,,,,,,,,,,,,,2,2,4
,Genero,Dryocopus_Boie_1826,,,,,,,,,,,,,,,,,,,,,,,,,,,,,,,,,,,,,,,,,,,,,,,,,,,,,,,,,,,
110,Especie,Dryocopus_lineatus_(Linnaeus_1766),pica_pau_de_banda_branca,Lineated_Woodpecker,,,,,,,,,,,,,2,2,,,,,,,,,,,,,,0,,,,,,,,,,,,,,0,,,,,,,,,,,,,,0,2
,Genero,Piculus_Spix_1824,,,,,,,,,,,,,,,,,,,,,,,,,,,,,,,,,,,,,,,,,,,,,,,,,,,,,,,,,,,
111,Especie,Piculus_chrysochloros_(Vieillot_1818),pica_pau_dourado_escuro,Golden_green_Woodpecker,,,,,,,,,,,,,,0,,,,,,,2,,,,,,,2,,,,,,,,,2,,,,,2,,,,,,,,,,,,,,0,4
,Genero,Colaptes_Vigors_1825,,,,,,,,,,,,,,,,,,,,,,,,,,,,,,,,,,,,,,,,,,,,,,,,,,,,,,,,,,,
112,Especie,Colaptes_campestris_(Vieillot_1818),pica_pau_do_campo,Campo_Flicker,,,,,,,,,2,,,,,2,,,,,,,,,,,,,,0,,,,,,,,,,,,,2,2,,,,,,,,2,,,,,,2,6
,Ordem,Cariamiformes_Fürbringer_1888,,,,,,,,,,,,,,,,,,,,,,,,,,,,,,,,,,,,,,,,,,,,,,,,,,,,,,,,,,,
,Familia,Cariamidae_Bonaparte_1850,,,,,,,,,,,,,,,,,,,,,,,,,,,,,,,,,,,,,,,,,,,,,,,,,,,,,,,,,,,
,Genero,Cariama_Brisson_1760,,,,,,,,,,,,,,,,,,,,,,,,,,,,,,,,,,,,,,,,,,,,,,,,,,,,,,,,,,,
113,Especie,Cariama_cristata_(Linnaeus_1766),seriema,Red_legged_Seriema,2,,,,,,,,,,,,,2,,,,,,,,,,,,,2,2,,,,,,,,,,,,,2,2,,,,,,,,,,,,,,0,6
,Ordem,Falconiformes_Bonaparte_1831,,,,,,,,,,,,,,,,,,,,,,,,,,,,,,,,,,,,,,,,,,,,,,,,,,,,,,,,,,,
,Familia,Falconidae_Leach_1820,,,,,,,,,,,,,,,,,,,,,,,,,,,,,,,,,,,,,,,,,,,,,,,,,,,,,,,,,,,
,Subfamilia,Herpetotherinae_Lesson_1843,,,,,,,,,,,,,,,,,,,,,,,,,,,,,,,,,,,,,,,,,,,,,,,,,,,,,,,,,,,
,Genero,Herpetotheres_Vieillot_1817,,,,,,,,,,,,,,,,,,,,,,,,,,,,,,,,,,,,,,,,,,,,,,,,,,,,,,,,,,,
114,Especie,Herpetotheres_cachinnans_(Linnaeus_1758),acaua,Laughing_Falcon,,,,,,,,,,,,,,0,,,1,,,,,,,,,,,1,,,,,,,,,,,,,,0,,,,,,,,,,,,,,0,1
,Subfamilia,Caracarinae_dOrbigny_1837,,,,,,,,,,,,,,,,,,,,,,,,,,,,,,,,,,,,,,,,,,,,,,,,,,,,,,,,,,,
,Genero,Caracara_Merrem_1826,,,,,,,,,,,,,,,,,,,,,,,,,,,,,,,,,,,,,,,,,,,,,,,,,,,,,,,,,,,
115,Especie,Caracara_plancus_(Miller_1777),carcara,Crested_Caracara,1,1,,1,,,2,1,,,,,,6,,1,,1,,,,,,,1,,2,5,,,4,,,,1,4,,,,,14,23,,,,,,,,,,,,,,0,34
,Genero,Milvago_Spix_1824,,,,,,,,,,,,,,,,,,,,,,,,,,,,,,,,,,,,,,,,,,,,,,,,,,,,,,,,,,,
116,Especie,Milvago_chimachima_(Vieillot_1816),carrapateiro,Yellow_headed_Caracara,,,,,,,,,,,4,,,4,,,,,,,,,,,,,,0,,,,,,,,,,,,,,0,,,,,,,,,,,,,,0,4
,Ordem,Psittaciformes_Wagler_1830,,,,,,,,,,,,,,,,,,,,,,,,,,,,,,,,,,,,,,,,,,,,,,,,,,,,,,,,,,,
,Familia,Psittacidae_Rafinesque_1815,,,,,,,,,,,,,,,,,,,,,,,,,,,,,,,,,,,,,,,,,,,,,,,,,,,,,,,,,,,
,Subfamilia,Arinae_Gray_1840,,,,,,,,,,,,,,,,,,,,,,,,,,,,,,,,,,,,,,,,,,,,,,,,,,,,,,,,,,,
,Genero,Myiopsitta_Bonaparte_1854,,,,,,,,,,,,,,,,,,,,,,,,,,,,,,,,,,,,,,,,,,,,,,,,,,,,,,,,,,,
117,Especie,Myiopsitta_monachus_(Boddaert_1783),caturrita,Monk_Parakeet,,,,,,,5,,,,,,,5,,,3,,,,11,4,,,,,,18,,,,,,1,13,,7,,,,,21,,,,,,,5,1,,,3,,,9,53
,Genero,Brotogeris_Vigors_1825,,,,,,,,,,,,,,,,,,,,,,,,,,,,,,,,,,,,,,,,,,,,,,,,,,,,,,,,,,,
118,Especie,Brotogeris_tirica_(Gmelin_1788),periquito_rico,Plain_Parakeet,,,,,,,,,,,,,,0,,,3,,11,,,,,,,,,14,,,,,,,,,,,7,,,7,,,,,,,,,,,,,,0,21
119,Especie,Brotogeris_chiriri_(Vieillot_1818),periquito_de_encontro_amarelo,Yellow_chevroned_Parakeet,,,,,,3,3,2,9,,,,23,40,,5,6,,,5,7,7,,,3,,,33,,,,,,21,12,,22,15,1,,6,77,,,,,,,,2,,,1,,,3,153
,Genero,Pionus_Wagler_1832,,,,,,,,,,,,,,,,,,,,,,,,,,,,,,,,,,,,,,,,,,,,,,,,,,,,,,,,,,,
120,Especie,Pionus_maximiliani_(Kuhl_1820),maitaca_verde,Scaly_headed_Parrot,,,,,,,,,,,,,,0,,,2,,,,1,,,3,,,,6,,,,,,,,,,,,2,,2,,,,,,,,,,,,,,0,8
121,Especie,Pionus_menstruus_(Linnaeus_1766),maitaca_de_cabeca_azul,Blue_headed_Parrot,,,,,,,,,,,,,,0,,,3,,,,2,,,,,,,5,,,,,,,,,,,,,,0,,,,,,,,,,,,,,0,5
,Genero,Alipiopsitta_Caparroz_&_Pacheco_2006,,,,,,,,,,,,,,,,,,,,,,,,,,,,,,,,,,,,,,,,,,,,,,,,,,,,,,,,,,,
122,Especie,Alipiopsitta_xanthops_(Spix_1824),papagaio_galego,Yellow_faced_Parrot,3,,,,,,,,,,,,,3,,,,2,,,,,,,,,,2,,,,,,,,,,,,,,0,,,,,,,,,,,,,,0,5
,Genero,Amazona_Lesson_1830,,,,,,,,,,,,,,,,,,,,,,,,,,,,,,,,,,,,,,,,,,,,,,,,,,,,,,,,,,,
123,Especie,Amazona_ochrocephala_(Gmelin_1788),papagaio_campeiro,Yellow_crowned_Parrot,,,,,,,,2,,,,,,2,,,32,,,,,,,,,,,32,,,,,,,,,,,,,,0,,,,,,,,,,,,,,0,34
124,Especie,Amazona_aestiva_(Linnaeus_1758),papagaio_verdadeiro,Turquoise_fronted_Parrot,2,8,,,2,,,6,,,,,,18,,,121,2,,,,,,,,,2,125,,,,,,5,11,,,,,,,16,,,,,,,,,,,,,,0,159
,Genero,Anodorhynchus_Spix_1824,,,,,,,,,,,,,,,,,,,,,,,,,,,,,,,,,,,,,,,,,,,,,,,,,,,,,,,,,,,
125,Especie,Anodorhynchus_hyacinthinus_(Latham_1790),arara_azul,Hyacinth_Macaw,,,,,,,,,,,,,,0,,,,,,,,,,,,,,0,,,,,,,2,,,,,,,2,,,,,,,,,,,,,,0,2
,Genero,Eupsittula_Bonaparte_1853,,,,,,,,,,,,,,,,,,,,,,,,,,,,,,,,,,,,,,,,,,,,,,,,,,,,,,,,,,,
126,Especie,Eupsittula_aurea_(Gmelin_1788),periquito_rei,Peach_fronted_Parakeet,,2,,,,,,50,,,5,13,,70,3,,,,,,5,,,,,,,8,,,,,,,,,15,,,,,15,,,,,,,2,,,,,,,2,95
,Genero,Primolius_Bonaparte_1857,,,,,,,,,,,,,,,,,,,,,,,,,,,,,,,,,,,,,,,,,,,,,,,,,,,,,,,,,,,
127,Especie,Primolius_maracana_(Vieillot_1816),maracana,Blue_winged_Macaw,,,,,,,,,,,7,,,7,,,,,,,,,,,,,,0,,,,,1,2,,19,10,,,,,32,,,,,,,,,,,1,,,1,40
128,Especie,Primolius_auricollis_(Cassin_1853),maracana_de_colar,Yellow_collared_Macaw,,2,,,,,,,,,2,,,4,,2,,,,,,,,,,,,2,,,,,2,22,,,4,,40,,,68,,,,,,,,2,,,3,,,5,79
,Genero,Ara_Lacepède_1799,,,,,,,,,,,,,,,,,,,,,,,,,,,,,,,,,,,,,,,,,,,,,,,,,,,,,,,,,,,
129,Especie,Ara_ararauna_(Linnaeus_1758),arara_caninde,Blue_and_yellow_Macaw,,,,,,,,,,,,,5,5,,,,,,,,,,,,,4,4,,,2,,,1,,,,,,,,3,,,6,,,,,,,,,,,6,18
,Genero,Psittacara_Vigors_1825,,,,,,,,,,,,,,,,,,,,,,,,,,,,,,,,,,,,,,,,,,,,,,,,,,,,,,,,,,,
130,Especie,Psittacara_leucophthalmus_(Statius_Muller_1776),periquitao,White_eyed_Parakeet,,,,,,,,,,,,,13,13,,,12,,,,,,,,,,,12,,,,,,,,2,,,6,,,8,,,,,,,,,,,,,,0,33
,Ordem,Passeriformes_Linnaeus_1758,,,,,,,,,,,,,,,,,,,,,,,,,,,,,,,,,,,,,,,,,,,,,,,,,,,,,,,,,,,
,Familia,Thamnophilidae_Swainson_1824,,,,,,,,,,,,,,,,,,,,,,,,,,,,,,,,,,,,,,,,,,,,,,,,,,,,,,,,,,,
,Subfamilia,Thamnophilinae_Swainson_1824,,,,,,,,,,,,,,,,,,,,,,,,,,,,,,,,,,,,,,,,,,,,,,,,,,,,,,,,,,,
,Genero,Thamnophilus_Vieillot_1816,,,,,,,,,,,,,,,,,,,,,,,,,,,,,,,,,,,,,,,,,,,,,,,,,,,,,,,,,,,
131,Especie,Thamnophilus_doliatus_(Linnaeus_1764),choca_barrada,Barred_Antshrike,,,,,,,,,,,2,,,2,,2,,,,,,,,,,,,2,,2,,,,,,,,,,0,2,4,,,,,,,,,,,,,,0,8
,Genero,Taraba_Lesson_1831,,,,,,,,,,,,,,,,,,,,,,,,,,,,,,,,,,,,,,,,,,,,,,,,,,,,,,,,,,,
132,Especie,Taraba_major_(Vieillot_1816),choro_boi,Great_Antshrike,,,,,,,,,2,,,,,2,,,,,,,,2,,,,,,2,,2,,,,,,,,,,,2,4,,,,,,,2,,,,,,2,4,12
,Genero,Hypocnemoides_Bangs_&_Penard_1918,,,,,,,,,,,,,,,,,,,,,,,,,,,,,,,,,,,,,,,,,,,,,,,,,,,,,,,,,,,
133,Especie,Hypocnemoides_maculicauda_(Pelzeln_1868),solta_asa,Band_tailed_Antbird,,2,,,,,,,,,,,,2,,,,,,,,,,,,,,0,,,,,,,,,,,,,,0,,,,,,,,,,,,,,0,2
,Genero,Cercomacra_Sclater_1858,,,,,,,,,,,,,,,,,,,,,,,,,,,,,,,,,,,,,,,,,,,,,,,,,,,,,,,,,,,
134,Especie,Cercomacra_melanaria_(Menetries_1835),chororo_do_pantanal,Mato_Grosso_Antbird,,1,,,,,,,1,,,,,2,,1,,,1,,,2,,,2,,,6,,2,,,,,,,,,,0,9,11,,,1,,,,,,1,,,,,2,21
,Familia,Dendrocolaptidae_Gray_1840,,,,,,,,,,,,,,,,,,,,,,,,,,,,,,,,,,,,,,,,,,,,,,,,,,,,,,,,,,,
,Subfamilia,Sittasominae_Ridgway_1911,,,,,,,,,,,,,,,,,,,,,,,,,,,,,,,,,,,,,,,,,,,,,,,,,,,,,,,,,,,
,Genero,Sittasomus_Swainson_1827,,,,,,,,,,,,,,,,,,,,,,,,,,,,,,,,,,,,,,,,,,,,,,,,,,,,,,,,,,,
135,Especie,Sittasomus_griseicapillus_(Vieillot_1818),arapacu_verde,Olivaceous_Woodcreeper,,,,,,,,,,,,,,0,,,,,,,,,,,,,,0,,,,,,,,1,,,1,0,2,4,,,,,,,,,,,,,,0,4
,Subfamilia,Dendrocolaptinae_Gray_1840,,,,,,,,,,,,,,,,,,,,,,,,,,,,,,,,,,,,,,,,,,,,,,,,,,,,,,,,,,,
,Genero,Dendrocolaptes_Hermann_1804,,,,,,,,,,,,,,,,,,,,,,,,,,,,,,,,,,,,,,,,,,,,,,,,,,,,,,,,,,,
136,Especie,Dendrocolaptes_platyrostris_Spix_1825,arapacu_grande,Planalto_Woodcreeper,,,,,,,,,,,,,,0,,,,,,,,,,,,,,0,,,,,,,,,,,1,,,1,,,,,,,,,,,,,,0,1
,Genero,Dendroplex_Swainson_1827,,,,,,,,,,,,,,,,,,,,,,,,,,,,,,,,,,,,,,,,,,,,,,,,,,,,,,,,,,,
137,Especie,Dendroplex_picus_(Gmelin_1788),arapacu_de_bico_branco,Straight_billed_Woodcreeper,0,1,,,,,,,,,,,,1,,,,,,,,,,,,,,0,,,,,,,,,,,,,,0,,,,,,,,,,,,,,0,1
,Familia,Furnariidae_Gray_1840,,,,,,,,,,,,,,,,,,,,,,,,,,,,,,,,,,,,,,,,,,,,,,,,,,,,,,,,,,,
,Subfamilia,Furnariinae_Gray_1840,,,,,,,,,,,,,,,,,,,,,,,,,,,,,,,,,,,,,,,,,,,,,,,,,,,,,,,,,,,
,Genero,Furnarius_Vieillot_1816,,,,,,,,,,,,,,,,,,,,,,,,,,,,,,,,,,,,,,,,,,,,,,,,,,,,,,,,,,,
138,Especie,Furnarius_leucopus_Swainson_1838,casaca_de_couro_amarelo,Pale_legged_Hornero,,,,,,2,,,5,,4,,2,13,,1,,,1,,3,1,,,1,,2,9,,15,11,,,,,1,,,2,0,1,30,,,,,,,2,,1,,2,,,5,57
139,Especie,Furnarius_rufus_(Gmelin_1788),joao_de_barro,Rufous_Hornero,1,3,,,,2,1,,6,,,,5,18,5,6,3,,2,,8,1,7,,,,5,37,2,4,,,,6,,4,2,,2,0,9,29,,,2,,,2,3,1,3,,,,,11,95
,Subfamilia,Synallaxiinae_De_Selys_Longchamps_1839,,,,,,,,,,,,,,,,,,,,,,,,,,,,,,,,,,,,,,,,,,,,,,,,,,,,,,,,,,,
,Genero,Phacellodomus_Reichenbach_1853,,,,,,,,,,,,,,,,,,,,,,,,,,,,,,,,,,,,,,,,,,,,,,,,,,,,,,,,,,,
140,Especie,Phacellodomus_rufifrons_(Wied_1821),joao_de_pau,Rufous_fronted_Thornbird,,1,,,,,,,,,,,,1,,,,,,,,,,,,,,0,,,,,,,,,,,,,,0,,,,,,,,,,,,,,0,1
141,Especie,Phacellodomus_ruber_(Vieillot_1817),graveteiro,Greater_Thornbird,,,,,,,,,1,,,,,1,,2,3,,,,,,,,,,,5,,3,,,,,,,,,,0,2,5,,,,,,,,,,,,,,0,11
,Genero,Cranioleuca_Reichenbach_1853,,,,,,,,,,,,,,,,,,,,,,,,,,,,,,,,,,,,,,,,,,,,,,,,,,,,,,,,,,,
142,Especie,Cranioleuca_vulpina_(Pelzeln_1856),arredio_do_rio,Rusty_backed_Spinetail,,,,,3,,,,4,,4,,,11,,,,2,,,,,3,,1,,,6,,,,,1,,,,,,5,,3,9,,,,,3,,,,4,,,,2,9,35
,Genero,Pseudoseisura_Reichenbach_1853,,,,,,,,,,,,,,,,,,,,,,,,,,,,,,,,,,,,,,,,,,,,,,,,,,,,,,,,,,,
143,Especie,Pseudoseisura_unirufa_(dOrbigny_&_Lafresnaye_1838),casaca_de_couro_de_crista_cinza,Rufous_Cacholote,,4,,,,,1,,,3,1,,5,14,,3,4,,,,2,1,,,,,,10,,4,,,,,,,,,,,,4,,1,,,,,,,2,,,,,3,31
,Genero,Certhiaxis_Lesson_1844,,,,,,,,,,,,,,,,,,,,,,,,,,,,,,,,,,,,,,,,,,,,,,,,,,,,,,,,,,,
144,Especie,Certhiaxis_cinnamomeus_(Gmelin_1788),curutie,Yellow_chinned_Spinetail,,1,,,,,,,,,,,,1,,,,,5,2,,,,,11,1,1,20,,,,,,,,,,,,,,0,,,,,,1,,,,,1,,,2,23
,Genero,Synallaxis_Vieillot_1818,,,,,,,,,,,,,,,,,,,,,,,,,,,,,,,,,,,,,,,,,,,,,,,,,,,,,,,,,,,
145,Especie,Synallaxis_albilora_Pelzeln_1856,joao_do_pantanal,White_lored_Spinetail,,,,,,,,,,,,,,0,,,,,,,,,,,,,,0,,,,,,2,2,0,4,,5,,,13,,,,,,2,,,1,,,,,3,16
146,Especie,Synallaxis_hypospodia_Sclater_1874,joao_grilo,Cinereous_breasted_Spinetail,,,,,,,,,,,,,,0,,,,,,,,,,,,,,0,,,,,,,1,,,,,1,,2,,,,,,,,,,,,,,0,2
,Familia,Rhynchocyclidae_Berlepsch_1907,,,,,,,,,,,,,,,,,,,,,,,,,,,,,,,,,,,,,,,,,,,,,,,,,,,,,,,,,,,
,Subfamilia,Todirostrinae_Tello_Moyle_Marchese_&_Cracraft_2009,,,,,,,,,,,,,,,,,,,,,,,,,,,,,,,,,,,,,,,,,,,,,,,,,,,,,,,,,,,
,Genero,Todirostrum_Lesson_1831,,,,,,,,,,,,,,,,,,,,,,,,,,,,,,,,,,,,,,,,,,,,,,,,,,,,,,,,,,,
147,Especie,Todirostrum_cinereum_(Linnaeus_1766),ferreirinho_relogio,Common_Tody_Flycatcher,,2,,,,,,,,,,,,2,,3,,,,,,,,,,,1,4,,2,,,,,,1,,,,,,3,,,,,,,,,,,,,,0,9
,Familia,Tyrannidae_Vigors_1825,,,,,,,,,,,,,,,,,,,,,,,,,,,,,,,,,,,,,,,,,,,,,,,,,,,,,,,,,,,
,Subfamilia,Elaeniinae_Cabanis_&_Heine_1860,,,,,,,,,,,,,,,,,,,,,,,,,,,,,,,,,,,,,,,,,,,,,,,,,,,,,,,,,,,
,Genero,Camptostoma_Sclater_1857,,,,,,,,,,,,,,,,,,,,,,,,,,,,,,,,,,,,,,,,,,,,,,,,,,,,,,,,,,,
148,Especie,Camptostoma_obsoletum_(Temminck_1824),risadinha,Southern_Beardless_Tyrannulet,,1,,,,,,,,,,,,1,,1,,,,,,,,,,,,1,,,,,,,,,,,,,,0,,,,,,,,,,,,,,0,2
,Genero,Elaenia_Sundevall_1836,,,,,,,,,,,,,,,,,,,,,,,,,,,,,,,,,,,,,,,,,,,,,,,,,,,,,,,,,,,
149,Especie,Elaenia_flavogaster_(Thunberg_1822),guaracava_de_barriga_amarela,Yellow_bellied_Elaenia,,,,,,,,,,,,,,0,1,3,3,,,,1,,,,,,,8,,,,,,,,,1,,,,,1,,,,,,,,,,,,,,0,9
150,Especie,Elaenia_spectabilis_Pelzeln_1868,guaracava_grande,Large_Elaenia,,,,,,,,,,,,,,0,,,1,,,,,1,,,,,,2,,,,,,,,,,,,,,0,,,,,,,,,,,,,,0,2
151,Especie,Elaenia_chiriquensis_Lawrence_1865,chibum,Lesser_Elaenia,,,,,,,,,,,,,,0,,,,,,,1,,1,,,,6,8,,,,,,,,,,,,,,0,,,,,,,,,,,,,,0,8
,Genero,Serpophaga_Gould_1839,,,,,,,,,,,,,,,,,,,,,,,,,,,,,,,,,,,,,,,,,,,,,,,,,,,,,,,,,,,
152,Especie,Serpophaga_subcristata_(Vieillot_1817),alegrinho,White_crested_Tyrannulet,,1,,,,,,,,,,,,1,,,,,,,,,,,1,,,1,,,,,,,,,,,1,,,1,,,,,,,,,,,,,,0,3
,Subfamilia,Tyranninae_Vigors_1825,,,,,,,,,,,,,,,,,,,,,,,,,,,,,,,,,,,,,,,,,,,,,,,,,,,,,,,,,,,
,Genero,Legatus_Sclater_1859,,,,,,,,,,,,,,,,,,,,,,,,,,,,,,,,,,,,,,,,,,,,,,,,,,,,,,,,,,,
153,Especie,Legatus_leucophaius_(Vieillot_1818),bem_te_vi_pirata,Piratic_Flycatcher,,,,,,,,,,,,,,0,,,,,,,,,,,,,,0,,,,,,,,,,,,,,0,,,,,,,,,,,1,,,1,1
,Genero,Myiarchus_Cabanis_1844,,,,,,,,,,,,,,,,,,,,,,,,,,,,,,,,,,,,,,,,,,,,,,,,,,,,,,,,,,,
154,Especie,Myiarchus_swainsoni_Cabanis_&_Heine_1859,irre,Swainson's_Flycatcher,,,,,,,,,,,,,,0,,1,,,,,,,,,,,,1,,,,,,,,,,,,,,0,,,,,,,,,,,,,,0,1
155,Especie,Myiarchus_ferox_(Gmelin_1789),maria_cavaleira,Short_crested_Flycatcher,,,,,,,,,,,,,,0,,,1,,,,,,,,,,,1,,,,,,,,,,,,,,0,,,,,,,,,,,,,,0,1
,Genero,Pitangus_Swainson_1827,,,,,,,,,,,,,,,,,,,,,,,,,,,,,,,,,,,,,,,,,,,,,,,,,,,,,,,,,,,
156,Especie,Pitangus_sulphuratus_(Linnaeus_1766),bem_te_vi,Great_Kiskadee,2,9,1,,1,5,5,2,6,,3,,3,37,1,3,9,,2,4,13,2,3,,10,,,47,,6,,,5,5,6,3,1,,3,1,4,34,,4,2,,,2,3,,2,,9,,,22,140
,Genero,Philohydor_Lanyon_1984,,,,,,,,,,,,,,,,,,,,,,,,,,,,,,,,,,,,,,,,,,,,,,,,,,,,,,,,,,,
157,Especie,Philohydor_lictor_(Lichtenstein_1823),bentevizinho_do_brejo,Lesser_Kiskadee,,2,,,2,,,,1,,8,,,13,,,,1,1,,5,4,,,4,,,15,,,,,,,7,,,1,6,0,1,15,,,,,,,2,,,,,,,2,45
,Genero,Machetornis_Gray_1841,,,,,,,,,,,,,,,,,,,,,,,,,,,,,,,,,,,,,,,,,,,,,,,,,,,,,,,,,,,
158,Especie,Machetornis_rixosa_(Vieillot_1819),suiriri_cavaleiro,Cattle_Tyrant,2,2,,,,2,,,,,2,,,8,,,,,,,6,,,,1,,,7,,3,,,,,,,2,,,,,5,3,4,1,,,,,,,,3,,,11,31
,Genero,Myiodynastes_Bonaparte_1857,,,,,,,,,,,,,,,,,,,,,,,,,,,,,,,,,,,,,,,,,,,,,,,,,,,,,,,,,,,
159,Especie,Myiodynastes_maculatus_(Statius_Muller_1776),bem_te_vi_rajado,Streaked_Flycatcher,,,,,1,,,,,,,,,1,,,,,,,,,,,,,,0,,,,,,,,,,,,,,0,,,,,,,,,,,,,,0,1
,Genero,Megarynchus_Thunberg_1824,,,,,,,,,,,,,,,,,,,,,,,,,,,,,,,,,,,,,,,,,,,,,,,,,,,,,,,,,,,
160,Especie,Megarynchus_pitangua_(Linnaeus_1766),neinei,Boat_billed_Flycatcher,,1,,,,,,,,,1,,,2,,,1,,,,,,,,,,,1,,,,,,,,,,,,,,0,,,,,,,,,,,,,,0,3
,Genero,Myiozetetes_Sclater_1859,,,,,,,,,,,,,,,,,,,,,,,,,,,,,,,,,,,,,,,,,,,,,,,,,,,,,,,,,,,
161,Especie,Myiozetetes_cayanensis_(Linnaeus_1766),bentevizinho_de_asa_ferruginea,Rusty_margined_Flycatcher,,,,,,,,,,,,,,0,,,,,,,,,,,,,,0,,,,,,,,,,,,1,,1,,,,,,,1,,,,,,,1,2
162,Especie,Myiozetetes_similis_(Spix_1825),bentevizinho_de_penacho_vermelho,Social_Flycatcher,1,,,2,,,,,,,,,,3,,,1,,,,,,,,,,,1,,1,,,,,,,,,,,,1,,,,,,,,,,,,,,0,5
,Genero,Tyrannus_Lacepède_1799,,,,,,,,,,,,,,,,,,,,,,,,,,,,,,,,,,,,,,,,,,,,,,,,,,,,,,,,,,,
163,Especie,Tyrannus_albogularis_Burmeister_1856,suiriri_de_garganta_branca,White_throated_Kingbird,,,,,,,,,,,,,,0,,3,,,,,,,,,,,,3,,,,,,,,,,,1,,,1,,,,,,,,,,,,,,0,4
164,Especie,Tyrannus_melancholicus_Vieillot_1819,suiriri,Tropical_Kingbird,,4,,,,,4,,4,1,7,,7,27,,3,3,1,,1,5,12,,1,11,,2,39,2,,,,1,3,,1,4,4,11,1,5,32,5,6,,,,,4,2,8,,7,,2,34,132
165,Especie,Tyrannus_savana_Daudin_1802,tesourinha,Southern_Fork_tailed_Flycatcher,,,,,,,,,,,,,,0,,,,,,,,,,,35,,1,36,,,,,,,,,,,,,,0,,,,,,,,,,,,,,0,36
,Subfamilia,Fluvicolinae_Swainson_1832,,,,,,,,,,,,,,,,,,,,,,,,,,,,,,,,,,,,,,,,,,,,,,,,,,,,,,,,,,,
,Genero,Arundinicola_dOrbigny_1840,,,,,,,,,,,,,,,,,,,,,,,,,,,,,,,,,,,,,,,,,,,,,,,,,,,,,,,,,,,
167,Especie,Arundinicola_leucocephala_(Linnaeus_1764),freirinha,White_headed_Marsh_Tyrant,,,,,,,,,,,,,,0,,,,,,,,,,,,,,0,,,,,,,,,,,,,,0,,,,,,,,,,,1,,,1,1
,Genero,Fluvicola_Swainson_1827,,,,,,,,,,,,,,,,,,,,,,,,,,,,,,,,,,,,,,,,,,,,,,,,,,,,,,,,,,,
168,Especie,Fluvicola_albiventer_(Spix_1825),lavadeira_de_cara_branca,Black_backed_Water_Tyrant,,,,,,,,,1,,,,,1,,,,,,,,,,,,,,0,,,,,,,,,,,,,,0,,,,,,,,,,,1,,,1,2
169,Especie,Fluvicola_nengeta_(Linnaeus_1766),lavadeira_mascarada,Masked_Water_Tyrant,,,,,,,,,,,,1,,1,,,,,,,,,,,,,,0,,,,,,,,,,,,,,0,,,,,,,,,,,1,,,1,2
,Genero,Pyrocephalus_Gould_1839,,,,,,,,,,,,,,,,,,,,,,,,,,,,,,,,,,,,,,,,,,,,,,,,,,,,,,,,,,,
170,Especie,Pyrocephalus_rubinus_(Boddaert_1783),principe,Vermilion_Flycatcher,,2,,,,,3,,,,1,,,6,,,,,,,,,,,,,,0,,,,,,,,,,,,,,0,,,,,,,,,,,,,,0,6
,Genero,Xolmis_Boie_1826,,,,,,,,,,,,,,,,,,,,,,,,,,,,,,,,,,,,,,,,,,,,,,,,,,,,,,,,,,,
171,Especie,Xolmis_velatus_(Lichtenstein_1823),noivinha_branca,White_rumped_Monjita,,,,,,,,,,,,,,0,,,,,,,1,,,,,,,1,,,,,,,,,,,,,,0,,,,,,,,,,,,,,0,1
,Familia,Vireonidae_Swainson_1837,,,,,,,,,,,,,,,,,,,,,,,,,,,,,,,,,,,,,,,,,,,,,,,,,,,,,,,,,,,
,Genero,Cyclarhis_Swainson_1824,,,,,,,,,,,,,,,,,,,,,,,,,,,,,,,,,,,,,,,,,,,,,,,,,,,,,,,,,,,
172,Especie,Cyclarhis_gujanensis_(Gmelin_1789),pitiguari,Rufous_browed_Peppershrike,,,,,,,,,,,,,,0,,,,,,,,,,,,,1,1,,,,,,,,,,,,,1,1,,,,,,,,,,,,,,0,2
,Familia,Corvidae_Leach_1820,,,,,,,,,,,,,,,,,,,,,,,,,,,,,,,,,,,,,,,,,,,,,,,,,,,,,,,,,,,
,Genero,Cyanocorax_Boie_1826,,,,,,,,,,,,,,,,,,,,,,,,,,,,,,,,,,,,,,,,,,,,,,,,,,,,,,,,,,,
173,Especie,Cyanocorax_cyanomelas_(Vieillot_1818),gralha_do_pantanal,Purplish_Jay,,4,,,,,,,,,,,,4,,,,,5,,,,,,,,,5,,,,,,,,,,,,0,2,2,6,2,,,,,,,,,,,,8,19
,Familia,Hirundinidae_Rafinesque_1815,,,,,,,,,,,,,,,,,,,,,,,,,,,,,,,,,,,,,,,,,,,,,,,,,,,,,,,,,,,
,Genero,Atticora_Boie_1844,,,,,,,,,,,,,,,,,,,,,,,,,,,,,,,,,,,,,,,,,,,,,,,,,,,,,,,,,,,
174,Especie,Atticora_fasciata_(Gmelin_1789),peitoril,White_banded_Swallow,,,,,,,,,,,,,,0,,,,,,,,,2,,,,,2,,,,,,,,,,,,,,0,,,,,,,,,,,,,,0,2
,Genero,Stelgidopteryx_Baird_1858,,,,,,,,,,,,,,,,,,,,,,,,,,,,,,,,,,,,,,,,,,,,,,,,,,,,,,,,,,,
175,Especie,Stelgidopteryx_ruficollis_(Vieillot_1817),andorinha_serradora,Southern_Rough_winged_Swallow,,,,,,,6,9,10,,,,,25,,,,,,,6,3,4,4,1,,,18,,3,,,,2,9,3,6,,2,,,25,,,,,,,7,2,2,,,,,11,79
,Genero,Progne_Boie_1826,,,,,,,,,,,,,,,,,,,,,,,,,,,,,,,,,,,,,,,,,,,,,,,,,,,,,,,,,,,
176,Especie,Progne_tapera_(Linnaeus_1766),andorinha_do_campo,Brown_chested_Martin,,,,,,,,,,,,,,0,,,,,,,,,,,,,,0,,,,,,,,,,,,,,0,,,,,,,2,4,,,3,,,9,9
177,Especie,Progne_chalybea_(Gmelin_1789),andorinha_grande,Gray_breasted_Martin,,,,,,,,,1,,,,,1,1,4,1,,,2,9,2,1,,166,,10,196,,2,,,,,,1,,,,,,3,,4,3,,,,,4,1,,6,,,18,218
,Genero,Tachycineta_Cabanis_1850,,,,,,,,,,,,,,,,,,,,,,,,,,,,,,,,,,,,,,,,,,,,,,,,,,,,,,,,,,,
178,Especie,Tachycineta_albiventer_(Boddaert_1783),andorinha_do_rio,White_winged_Swallow,,3,,,,3,15,13,6,,3,,,43,,5,6,,,7,20,6,1,,1,,1,47,,,,,,5,29,2,3,,3,2,,44,,,,,,7,25,2,,3,4,,,41,175
,Genero,Riparia_Forster_1817,,,,,,,,,,,,,,,,,,,,,,,,,,,,,,,,,,,,,,,,,,,,,,,,,,,,,,,,,,,
179,Especie,Riparia_riparia_(Linnaeus_1758),andorinha_do_barranco,Bank_Swallow,,,,,,,,4,,,,,,4,,,,,,,,,,,,,,0,,,,,,,,,,,,,,0,,,,,,,,,,,,,,0,4
,Familia,Troglodytidae_Swainson_1831,,,,,,,,,,,,,,,,,,,,,,,,,,,,,,,,,,,,,,,,,,,,,,,,,,,,,,,,,,,
,Genero,Troglodytes_Vieillot_1809,,,,,,,,,,,,,,,,,,,,,,,,,,,,,,,,,,,,,,,,,,,,,,,,,,,,,,,,,,,
180,Especie,Troglodytes_musculus_Naumann_1823,corruira,Southern_House_Wren,,,,,,,,,,,,,,0,,,,,,,,,,,,,,0,,,,,1,,,,,,,,,1,,,,,,,,,,,,,,0,1
,Genero,Campylorhynchus_Spix_1824,,,,,,,,,,,,,,,,,,,,,,,,,,,,,,,,,,,,,,,,,,,,,,,,,,,,,,,,,,,
181,Especie,Campylorhynchus_turdinus_(Wied_1831),catatau,Thrush_like_Wren,,,,,,7,,2,,,,,8,17,,1,4,,,3,1,5,,,,,,14,,2,1,,,6,,2,2,,,0,5,18,,,,,,,,,,,1,,,1,50
,Familia,Polioptilidae_Baird_1858,,,,,,,,,,,,,,,,,,,,,,,,,,,,,,,,,,,,,,,,,,,,,,,,,,,,,,,,,,,
,Genero,Polioptila_Sclater_1855,,,,,,,,,,,,,,,,,,,,,,,,,,,,,,,,,,,,,,,,,,,,,,,,,,,,,,,,,,,
182,Especie,Polioptila_dumicola_(Vieillot_1817),balanca_rabo_de_mascara,Masked_Gnatcatcher,,1,,,,,,,,,,,,1,,2,1,,,,,,,,,,,3,,,,,,,,,,,,,,0,,,,,,,,,,,,,,0,4
,Familia,Donacobiidae_Aleixo_&_Pacheco_2006,,,,,,,,,,,,,,,,,,,,,,,,,,,,,,,,,,,,,,,,,,,,,,,,,,,,,,,,,,,
,Genero,Donacobius_Swainson_1831,,,,,,,,,,,,,,,,,,,,,,,,,,,,,,,,,,,,,,,,,,,,,,,,,,,,,,,,,,,
183,Especie,Donacobius_atricapilla_(Linnaeus_1766),japacanim,Black_capped_Donacobius,,,,,1,,3,2,12,,3,12,1,34,,,,4,2,,,,1,,1,,,8,,,,,,2,4,1,4,,2,10,1,24,,,,,,,6,1,1,,5,,,13,79
,Familia,Turdidae_Rafinesque_1815,,,,,,,,,,,,,,,,,,,,,,,,,,,,,,,,,,,,,,,,,,,,,,,,,,,,,,,,,,,
,Genero,Turdus_Linnaeus_1758,,,,,,,,,,,,,,,,,,,,,,,,,,,,,,,,,,,,,,,,,,,,,,,,,,,,,,,,,,,
184,Especie,Turdus_rufiventris_Vieillot_1818,sabia_laranjeira,Rufous_bellied_Thrush,,1,,,,1,,1,,,,,3,6,,5,2,,,,4,,2,,1,,,14,,3,,,,,,,,,,0,3,6,,4,,,,,,1,2,,,,,7,33
,Familia,Mimidae_Bonaparte_1853,,,,,,,,,,,,,,,,,,,,,,,,,,,,,,,,,,,,,,,,,,,,,,,,,,,,,,,,,,,
,Genero,Mimus_Boie_1826,,,,,,,,,,,,,,,,,,,,,,,,,,,,,,,,,,,,,,,,,,,,,,,,,,,,,,,,,,,
185,Especie,Mimus_saturninus_(Lichtenstein_1823),sabia_do_campo,Chalk_browed_Mockingbird,,,,,,,,,,,,,,0,,,,,,,2,,,,,,5,7,,,1,,,,,,,,,0,2,3,,,,,,,,,,,,,,0,10
,Familia,Passeridae_Rafinesque_1815,,,,,,,,,,,,,,,,,,,,,,,,,,,,,,,,,,,,,,,,,,,,,,,,,,,,,,,,,,,
,Genero,Passer_Brisson_1760,,,,,,,,,,,,,,,,,,,,,,,,,,,,,,,,,,,,,,,,,,,,,,,,,,,,,,,,,,,
186,Especie,Passer_domesticus_(Linnaeus_1758),pardal,House_Sparrow,,,,,,,,1,,,,,,1,,,,,,,,,,,,,,0,,,,,,,,,,,,,,0,,,,,,,,,,,,,,0,1
,Familia,Motacillidae_Horsfield_1821,,,,,,,,,,,,,,,,,,,,,,,,,,,,,,,,,,,,,,,,,,,,,,,,,,,,,,,,,,,
,Genero,Anthus_Bechstein_1805,,,,,,,,,,,,,,,,,,,,,,,,,,,,,,,,,,,,,,,,,,,,,,,,,,,,,,,,,,,
187,Especie,Anthus_chii_Vieillot_1818,caminheiro_zumbidor,Yellowish_Pipit,,,4,,,,,1,,,,,,5,,,,,,,,,,,,,,0,,3,18,,,,,,,,,,,21,,,4,,,1,,,2,,,,,7,33
,Familia,Fringillidae_Leach_1820,,,,,,,,,,,,,,,,,,,,,,,,,,,,,,,,,,,,,,,,,,,,,,,,,,,,,,,,,,,
,Subfamilia,Euphoniinae_Cabanis_1847,,,,,,,,,,,,,,,,,,,,,,,,,,,,,,,,,,,,,,,,,,,,,,,,,,,,,,,,,,,
,Genero,Euphonia_Desmarest_1806,,,,,,,,,,,,,,,,,,,,,,,,,,,,,,,,,,,,,,,,,,,,,,,,,,,,,,,,,,,
188,Especie,Euphonia_chlorotica_(Linnaeus_1766),fim_fim,Purple_throated_Euphonia,,1,,,,,,,,,,,,1,,,,,,,,,,,,,,0,,,,,,,,,,,,,,0,,,,,,,,,,,,,,0,1
,Familia,Passerellidae_Cabanis_&_Heine_1850,,,,,,,,,,,,,,,,,,,,,,,,,,,,,,,,,,,,,,,,,,,,,,,,,,,,,,,,,,,
,Genero,Zonotrichia_Swainson_1832,,,,,,,,,,,,,,,,,,,,,,,,,,,,,,,,,,,,,,,,,,,,,,,,,,,,,,,,,,,
189,Especie,Zonotrichia_capensis_(Statius_Muller_1776),tico_tico,Rufous_collared_Sparrow,,,,,,,,,,,,,2,2,,,,,,,,,,,,,,0,,,,,,,,,,,,,,0,,,,,,,,,,,,,,0,2
,Subfamilia,Sturnellinae_Chenu_&_Des_Murs_1853,,,,,,,,,,,,,,,,,,,,,,,,,,,,,,,,,,,,,,,,,,,,,,,,,,,,,,,,,,,
,Genero,Leistes_Vigors_1825,,,,,,,,,,,,,,,,,,,,,,,,,,,,,,,,,,,,,,,,,,,,,,,,,,,,,,,,,,,
190,Especie,Leistes_superciliaris_(Bonaparte_1850),policia_inglesa_do_sul,White_browed_Meadowlark,,,,,,,,,,,,,,0,,,,,,,,,,,,,3,3,,,,,,,,,,,,,,0,,,,,,,,,,,,,,0,3
,Subfamilia,Cacicinae_Bonaparte_1853,,,,,,,,,,,,,,,,,,,,,,,,,,,,,,,,,,,,,,,,,,,,,,,,,,,,,,,,,,,
,Genero,Psarocolius_Wagler_1827,,,,,,,,,,,,,,,,,,,,,,,,,,,,,,,,,,,,,,,,,,,,,,,,,,,,,,,,,,,
191,Especie,Psarocolius_decumanus_(Pallas_1769),japu,Crested_Oropendola,,1,,5,,,,,,,,,,6,,,6,,,,,,,,,,,6,,,,,,,,,,,,,,0,,,,,1,,,,,,,,,1,13
,Genero,Cacicus_Lacepède_1799,,,,,,,,,,,,,,,,,,,,,,,,,,,,,,,,,,,,,,,,,,,,,,,,,,,,,,,,,,,
192,Especie,Cacicus_solitarius_(Vieillot_1816),irauna_de_bico_branco,Solitary_Black_Cacique,,1,30,,,,,,,,,,,31,,1,,,,3,,,,,1,,,5,,,,,,,,,1,,,,,1,,,,,1,,,,3,,,,,4,41
193,Especie,Cacicus_cela_(Linnaeus_1758),xexeu,Yellow_rumped_Cacique,,,,,1,,1,4,,,1,,2,9,3,,,,5,4,7,5,2,,2,,2,30,,,,,,9,5,,1,,7,,,22,,,,,,,7,3,2,,2,,,14,75
,Subfamilia,Icterinae_Vigors_1825,,,,,,,,,,,,,,,,,,,,,,,,,,,,,,,,,,,,,,,,,,,,,,,,,,,,,,,,,,,
,Genero,Icterus_Brisson_1760,,,,,,,,,,,,,,,,,,,,,,,,,,,,,,,,,,,,,,,,,,,,,,,,,,,,,,,,,,,
194,Especie,Icterus_croconotus_(Wagler_1829),joao_pinto,Orange_backed_Troupial,,,,,,,,,1,,,,9,10,,,,,,,1,2,,,,,,3,,,,,,,,,,,,0,2,2,,,,,,,,,,,,,,0,15
195,Especie,Icterus_pyrrhopterus_(Vieillot_1819),encontro,Variable_Oriole,,,,,,,,,,,,,1,1,,,,,,,,,,,,,,0,,,,,,,,,,,,,,0,,,,,,,,,,,,,,0,1
,Subfamilia,Agelaiinae_Swainson_1832,,,,,,,,,,,,,,,,,,,,,,,,,,,,,,,,,,,,,,,,,,,,,,,,,,,,,,,,,,,
,Genero,Molothrus_Swainson_1832,,,,,,,,,,,,,,,,,,,,,,,,,,,,,,,,,,,,,,,,,,,,,,,,,,,,,,,,,,,
196,Especie,Molothrus_bonariensis_(Gmelin_1789),chupim,Shiny_Cowbird,,,,,,,,,21,,1,,,22,,3,,,,5,1,,,,,,,9,,,,,,,2,,,,12,0,2,16,,,,,,,,,,,,,,0,47
,Genero,Gnorimopsar_Richmond_1908,,,,,,,,,,,,,,,,,,,,,,,,,,,,,,,,,,,,,,,,,,,,,,,,,,,,,,,,,,,
197,Especie,Gnorimopsar_chopi_(Vieillot_1819),passaro_preto,Chopi_Blackbird,,32,,,,,1,,1,,,,7,41,,5,,,1,,5,2,,,,,2,15,,,,,,,2,,,,,,,2,,,,,,,,,,,,,,0,58
,Genero,Agelaioides_Cassin_1866,,,,,,,,,,,,,,,,,,,,,,,,,,,,,,,,,,,,,,,,,,,,,,,,,,,,,,,,,,,
198,Especie,Agelaioides_badius_(Vieillot_1819),asa_de_telha,Grayish_Baywing,,,,,,,1,,,,,,,1,,,,,,,,,,,,,2,2,,,,,,,,,,,,0,3,3,,,,,,,,,,,,,,0,6
,Genero,Agelasticus_Cabanis_1851,,,,,,,,,,,,,,,,,,,,,,,,,,,,,,,,,,,,,,,,,,,,,,,,,,,,,,,,,,,
199,Especie,Agelasticus_cyanopus_(Vieillot_1819),carretao_do_oeste,Yellow_breasted_Blackbird,,,,,,,,,,,,,,0,,,,,,2,,,,,10,,,12,,,,,,8,,,,,,,,8,,,,,,,,,2,,,,2,4,24
,Familia,Thraupidae_Cabanis_1847,,,,,,,,,,,,,,,,,,,,,,,,,,,,,,,,,,,,,,,,,,,,,,,,,,,,,,,,,,,
,Subfamilia,Saltatorinae_Bonaparte_1853,,,,,,,,,,,,,,,,,,,,,,,,,,,,,,,,,,,,,,,,,,,,,,,,,,,,,,,,,,,
,Genero,Saltator_Vieillot_1816,,,,,,,,,,,,,,,,,,,,,,,,,,,,,,,,,,,,,,,,,,,,,,,,,,,,,,,,,,,
200,Especie,Saltator_maximus_(Statius_Muller_1776),tempera_viola,Buff_throated_Saltator,,,,,,2,,,1,,,,1,4,,,,,,,,2,,,,,,2,,,,,,,,,,,,,,0,,,,,,,,,,,,,,0,6
201,Especie,Saltator_coerulescens_Vieillot_1817,trinca_ferro_gonga,Grayish_Saltator,,2,,,,,,,,,,,,2,,,,,,,2,,,,,,,2,,,,,,,,,,,,,,0,,,,,,,,,,,,,,0,4
202,Especie,Saltator_similis_dOrbigny_&_Lafresnaye_1837,trinca_ferro,Green_winged_Saltator,,2,,,,,,,,,,,,2,,,,,,,3,,,,,,,3,,,,,,,,,,,1,,,1,,,,,,,,,,,,,,0,6
,Subfamilia,Coerebinae_dOrbigny_&_Lafresnaye_1838,,,,,,,,,,,,,,,,,,,,,,,,,,,,,,,,,,,,,,,,,,,,,,,,,,,,,,,,,,,
,Genero,Coereba_Vieillot_1809,,,,,,,,,,,,,,,,,,,,,,,,,,,,,,,,,,,,,,,,,,,,,,,,,,,,,,,,,,,
203,Especie,Coereba_flaveola_(Linnaeus_1758),cambacica,Bananaquit,,2,,,,,,,,,,,,2,,,,,,,,,,,,,,0,,2,,,,,,,,,,,,2,,,,,,,,,,,,,,0,4
,Subfamilia,Tachyphoninae_Bonaparte_1853,,,,,,,,,,,,,,,,,,,,,,,,,,,,,,,,,,,,,,,,,,,,,,,,,,,,,,,,,,,
,Genero,Volatinia_Reichenbach_1850,,,,,,,,,,,,,,,,,,,,,,,,,,,,,,,,,,,,,,,,,,,,,,,,,,,,,,,,,,,
204,Especie,Volatinia_jacarina_(Linnaeus_1766),tiziu,Blue_black_Grassquit,,,,,,,5,,,,,,,5,,,2,,2,,1,,,,,,,5,,,,,,,,,,,4,0,2,6,,,,,,,,,,,,,,0,16
,Genero,Ramphocelus_Desmarest_1805,,,,,,,,,,,,,,,,,,,,,,,,,,,,,,,,,,,,,,,,,,,,,,,,,,,,,,,,,,,
205,Especie,Ramphocelus_bresilia_(Linnaeus_1766),tie_sangue,Brazilian_Tanager,,,,,1,,,1,,,,,,2,,,,,,,,,,,,,,0,,,,,,,,,,,,,,0,,,,,,,,,,,,,,0,2
206,Especie,Ramphocelus_carbo_(Pallas_1764),pipira_vermelha,Silver_beaked_Tanager,,7,,,,3,,,1,,1,,,12,,2,,,11,,10,20,1,,5,,,49,,,,,2,15,,1,5,,,,,23,,,,,3,,2,,,,3,,,8,92
,Subfamilia,Sporophilinae_Ridgway_1901,,,,,,,,,,,,,,,,,,,,,,,,,,,,,,,,,,,,,,,,,,,,,,,,,,,,,,,,,,,
,Genero,Sporophila_Cabanis_1844,,,,,,,,,,,,,,,,,,,,,,,,,,,,,,,,,,,,,,,,,,,,,,,,,,,,,,,,,,,
207,Especie,Sporophila_lineola_(Linnaeus_1758),bigodinho,Lined_Seedeater,,,,,,,,,,,,,,0,,,,,,,,,,,,,2,2,,,,,,,,,,,,,,0,,,,,,,,,,,,,,0,2
208,Especie,Sporophila_plumbea_(Wied_1830),patativa,Plumbeous_Seedeater,,,,,,,,,,,,,,0,,,,,,,,,2,,8,,,10,,,,,,,,,,,,,,0,,,,,,,,,,,,,,0,10
209,Especie,Sporophila_collaris_(Boddaert_1783),coleiro_do_brejo,Rusty_collared_Seedeater,,,,,,,,,,,,,,0,,,,,,,,,1,,,,,1,,,,,,,,,,,,,,0,,,,,,,,,,,,,,0,1
210,Especie,Sporophila_nigricollis_(Vieillot_1823),baiano,Yellow_bellied_Seedeater,,,,,,,,,,,,,,0,,,,,,,,,,,,,2,2,,,,,,,,,,,,,,0,,,,,,,,,,,,,2,2,4
211,Especie,Sporophila_caerulescens_(Vieillot_1823),coleirinho,Double_collared_Seedeater,,,,,,,,,,,,,,0,,,,,,,,,1,,,,,1,,,,,,,,,,,,,,0,,,,,,,,,,,,,,0,1
212,Especie,Sporophila_bouvreuil_(Statius_Muller_1776),caboclinho,Copper_Seedeater,,,,,,,,,,,,,,0,,,,,,,,,,,,,1,1,,,,,,,,,,,,,,0,,,,,,,,,,,,,,0,1
,Subfamilia,Diglossinae_Sclater_1875,,,,,,,,,,,,,,,,,,,,,,,,,,,,,,,,,,,,,,,,,,,,,,,,,,,,,,,,,,,
,Genero,Sicalis_Boie_1828,,,,,,,,,,,,,,,,,,,,,,,,,,,,,,,,,,,,,,,,,,,,,,,,,,,,,,,,,,,
213,Especie,Sicalis_flaveola_(Linnaeus_1766),canario_da_terra,Saffron_Finch,10,200,,,,,,,,,,,5,215,,6,,,,,,,,,2,,2,10,,8,7,,,,,4,,,2,0,5,26,,8,2,,,,,,,,,,,10,261
,Subfamilia,Thraupinae_Cabanis_1847,,,,,,,,,,,,,,,,,,,,,,,,,,,,,,,,,,,,,,,,,,,,,,,,,,,,,,,,,,,
,Genero,Paroaria_Bonaparte_1832,,,,,,,,,,,,,,,,,,,,,,,,,,,,,,,,,,,,,,,,,,,,,,,,,,,,,,,,,,,
214,Especie,Paroaria_coronata_(Miller_1776),cardeal,Red_crested_Cardinal,,,,,,2,,,,,,,,2,,,,,,,,,,,,,,0,,,,,,,,,,,,,,0,,,,,,,,,,,,,,0,2
215,Especie,Paroaria_capitata_(dOrbigny_&_Lafresnaye_1837),cavalaria,Yellow_billed_Cardinal,,9,5,,,6,6,6,2,,7,7,17,65,,12,2,,4,5,3,25,7,,20,,10,88,,6,,,1,,3,,1,,1,0,3,15,,2,,,2,,,,5,,9,,,18,186
,Genero,Thraupis_Boie_1826,,,,,,,,,,,,,,,,,,,,,,,,,,,,,,,,,,,,,,,,,,,,,,,,,,,,,,,,,,,
216,Especie,Thraupis_sayaca_(Linnaeus_1766),sanhaco_cinzento,Sayaca_Tanager,,,,,,1,,1,,,,,1,3,,8,,,,,,,,,,,1,9,,,,,,,1,,,,1,0,2,4,,,,,1,1,3,3,3,,3,,,14,30
217,Especie,Thraupis_palmarum_(Wied_1821),sanhaco_do_coqueiro,Palm_Tanager,,2,,,,,,,,,,,5,7,,3,,,,,,1,,,,,,4,,,,,,,,,,,,0,1,1,,1,,,,,,,,,,,,1,13
,Genero,Stilpnia_Burns_Unitt_&_Mason_2016,,,,,,,,,,,,,,,,,,,,,,,,,,,,,,,,,,,,,,,,,,,,,,,,,,,,,,,,,,,
218,Especie,Stilpnia_cayana_(Linnaeus_1766),saira_amarela,Burnished_buff_Tanager,,,,,,,,,,,,,,0,,,,,,,,,1,,,,,1,,,,,,,,,,,,,,0,,,,,,,,,,,,,,0,1
Total,,,,,34,410,1218,75,44,67,219,320,222,432,236,599,339,4215,132,205,364,39,80,110,488,335,104,201,425,40,388,2911,21,127,346,364,43,172,174,121,138,81,321,56,270,2234,23,59,226,12,23,137,107,63,89,53,196,6,51,1045,10405
